Carga,Eficiencia,Temperatura,Vibracion
69.64691855978616,57.300969657952486,44.549661068074926,0.8938303786798291
28.613933495037948,77.75379191478508,35.46344506471488,0.41146924421723347
22.68514535642031,83.15877938385158,35.515588149424566,0.491062484957895
55.13147690828912,61.29234537214057,40.89862080707483,0.7444903571767145
71.94689697855631,51.01963471222306,45.15637815819167,0.8118632158022187
42.3106460124461,68.37996220079147,40.73523430955138,0.6303661941929463
98.07641983846155,39.311805973074904,49.518892838665835,1.1923256046775215
68.48297385848633,55.24482234870794,41.75446260577902,0.9386353757512943
48.09319014843609,63.85296694526577,39.28204630561161,0.5015572099236381
39.211751819415056,71.52988422520048,36.11646035909294,0.6495609919497154
34.31780161508694,73.86706489165397,37.47479814945778,0.5194481784137711
72.90497073840416,53.493669449661375,45.89034512171392,1.0253621027800845
43.85722446796244,68.69455077278454,39.46732455531003,0.5526581946375915
5.967789660956835,86.73200371526322,31.513866144937637,0.2869448417056043
39.804425533043144,71.60185457001299,37.31595964908387,0.6186301968681949
73.79954057320357,53.239511212368924,46.335557860607196,0.9168896692190064
18.24917304535,80.34452222753345,34.40311082106932,0.3438014351980661
17.545175614749255,83.08658113251079,33.7935046796794,0.3567645047619374
53.15513738418384,65.9440738463616,40.83588779588333,0.7142153593137163
53.18275870968661,66.08352829643913,40.74817910058733,0.6691556867749815
63.44009585513211,56.29940269379498,43.14023559498584,0.8840505670538833
84.94317940777896,46.459515880027126,46.37530870249419,0.9948217767561847
72.44553248606353,50.37424156747285,46.01435643121612,0.9756148737496357
61.102351067758285,58.971694429713644,42.3728099664256,0.7215767824150368
72.24433825702215,54.710078500444176,45.048922101876926,0.9135838935606276
32.29589138531782,73.58645195831714,36.02561099939414,0.5148435872013885
36.17886556223141,75.7722689529809,37.61069164601971,0.5609989370251363
22.82632308789556,77.7751517058295,32.28351219127263,0.476078024862921
29.371404638882936,73.13728056958067,34.75598204931843,0.48359668539094136
63.09761238544878,59.588202220611365,42.588109323903296,0.8080796533403027
9.210493994507518,85.69462065974257,30.519625688844837,0.2821385607020391
43.37011726795282,69.41422655762436,41.11343751745573,0.6827515154580157
43.08627633296438,69.06443769509019,36.94917395268349,0.570582415922909
49.36850976503062,65.80327663854644,40.21960270204206,0.642651672659983
42.5830290295828,64.46388771912342,40.17237895939072,0.5279953776746639
31.226122297246526,72.93471079634205,36.726511518861386,0.6136236577667854
42.63513069628082,67.50178481595387,38.21679858587479,0.5683640705486854
89.33891631171348,44.63461316827341,47.31563917850991,0.9991175803235481
94.41600182038796,41.89521581288414,49.55645585285024,1.103715061271609
50.18366758843366,65.73380372915855,39.23646283664418,0.6712139134817439
62.39529517921112,60.00411742777848,42.35957292603347,0.8972257518541312
11.561839507929573,81.95579839253291,33.003566507303994,0.2923734338005306
31.72854818203209,75.50933472257331,36.03783060983012,0.5318739458557897
41.48262119536318,70.43022567965255,38.384034249261354,0.5252872217173703
86.6309157883366,47.61608223790814,47.02209686511831,1.0767083324724496
25.04553653965067,74.64144275411533,34.03930970442327,0.36801555316054446
48.303426426270434,66.72945138744278,40.84983576997623,0.6673545118210613
98.5559785610705,40.887201558537285,51.10426195279709,1.1475662365615582
51.94851192598093,65.94750418743722,40.073002431292835,0.7223986941181307
61.28945257629677,62.92398730245422,41.99231435658077,0.8446149610698992
12.062866599032374,87.14470247167235,32.23467398082661,0.2538338684504175
82.63408005068332,48.908248319138195,47.065619283762445,0.9695198790957121
60.30601284109274,59.84324419600209,41.15590230297702,0.8127395787081564
54.50680064664649,64.01049624469542,40.812834823776704,0.7794322920065897
34.27638337743084,70.6317284044457,37.118235730655314,0.6136325935290482
30.41207890271841,71.8925942654312,36.72445792993093,0.4805262025095501
41.70222110247016,68.20382826471493,35.559606945612614,0.5424482772791569
68.13007657927966,58.37609953778922,44.02941852542444,0.890632051770826
87.5456841795175,45.56490131367631,47.85498359782258,1.0357246559007771
51.04223374780111,67.48404493771832,41.21617498625986,0.6642013275996872
66.93137829622722,50.958085085716384,42.860011644024745,0.9397226366805365
58.59365525622129,57.52875951831409,41.2003778459752,0.816872393066569
62.490350209559985,58.507447429508616,43.7005866285817,0.7884996088817833
67.46890509878249,58.04193653329051,41.93062431360729,0.873753474220742
84.23424376202573,47.74363192154695,48.475939043786546,1.0380585882142117
8.319498833243877,85.64894509439146,34.219794225876605,0.29144976922412835
76.36828414433381,51.57237493731891,45.75110851357165,0.9433858607754427
24.3666374536874,74.29088580435416,35.687425964314095,0.3486632481550217
19.422296057877087,82.60498971994117,32.39487750447607,0.3454054518284912
57.24569574914731,60.011622685751604,40.75457936313189,0.7458571282287334
9.571251661238712,87.39343948380956,32.972112879419846,0.29711810492569835
88.53268262751396,45.59261185031832,48.068351872485025,1.031212108166132
62.72489720512687,60.77387217209473,42.363551977998604,0.8365632189459729
72.34163581899547,54.515698052457395,44.70119629613864,0.9043527851307509
1.612920669501683,88.98019068413268,30.8295606182206,0.17815545160052548
59.44318794450425,60.730929321885284,41.595541887813816,0.7309180732468211
55.67851923942887,59.214785162062405,41.10675790290904,0.7791097632138612
15.895964414472274,82.06407644710593,33.14288550809552,0.3801718134358717
15.30705151247731,85.7785548879856,32.009131321084524,0.39308155921422216
69.55295287709109,57.83991068943189,44.23418520337732,0.9229939400524243
31.876642638187636,72.09163151551004,38.178914442250615,0.5499731491216018
69.19702955318196,56.412856926084864,45.571368040822584,0.9110742265148262
55.438324971777206,62.77679728360648,39.611265698503686,0.6664627657877491
38.89505741231446,72.18684785407758,38.34964270233963,0.5749946301508271
92.5132489613986,43.931681290345125,49.17815357318549,1.0535133665261411
84.16699969127163,47.44949216810399,46.42288947543068,1.110130600687368
35.739756668317625,74.79138321856249,36.18375129895114,0.5566968804478555
4.359146379904056,88.253219946592,29.551014961809162,0.3070792560733001
30.476807341109748,77.27252497333775,35.65065768937192,0.4532519588218982
39.8185681917981,72.03948831078993,38.313722774966834,0.5935922211233468
70.49588304513622,54.10308399439407,43.94111843325999,0.9181275429368069
99.53584820340174,39.89807534958481,49.29623655241719,1.1788133747538418
35.59148657174595,76.06392158212508,35.86914068299829,0.5653043357049555
76.25478137854338,52.25557396160813,45.60167253409697,1.036655986620853
59.31769165622212,58.82389732516889,42.930080778213885,0.741581245412256
69.1701798700177,53.0148235090211,42.90711400196905,0.759805674335758
15.112745234808022,84.39189225311151,33.47097801111033,0.4311586593147464
39.887629272615655,70.37677280588473,36.09805061061273,0.5592931808942285
24.085589772362447,76.3730212127608,34.15965184553124,0.4969808825347538
34.34560140483249,74.17636896005699,37.59872440048226,0.5760516790618662
51.31281541990022,64.66308968016173,39.14479587459042,0.7022938142973661
66.66245501640716,53.347822350270505,42.728054278469,0.8856417896462895
10.590848505681382,85.88194685658094,33.53613652957297,0.24888177183863922
13.089495066408075,86.12163387248243,31.885055033029072,0.33518980838372026
32.198060646830804,79.02067013784954,35.5856673101369,0.5516826167075773
66.15643366662437,56.99158829481183,43.807135095255546,0.8228477003494173
84.6506225270722,48.139988052884995,48.884858068569734,1.027491670415138
55.32573447967134,65.55032637063394,40.82547694864015,0.7688870207842796
85.44524875245048,47.61482015764772,47.8577856108087,1.120616173007236
38.48378112757611,71.3087931623718,39.04252540563023,0.5846800692821222
31.67878971183797,72.89936836121987,36.66131010524816,0.4952549048879312
35.426467559167854,69.49801599498969,36.81537561064851,0.5469438868649559
17.108182920509908,83.27128441138476,32.545309845476496,0.429090626555368
82.91126345018904,45.99722780128099,45.15704172911674,0.9970370177103176
33.86708459143266,75.3477701901786,37.88511866339034,0.5236592260590334
55.237007529407315,60.80516511752102,41.22835865162335,0.7207570363823304
57.8551468108833,61.60289451135495,42.903830304599595,0.7683356413699709
52.15330593973323,63.178803567416814,41.419586504296355,0.7322178395142208
0.2688064574320692,92.21479724719865,29.4367907714588,0.2543819746503766
98.83454192828201,41.18442184027216,48.580021685756044,1.0821166550456252
90.53415756616099,48.65111192193379,48.51950109616911,1.1331160214497116
20.76358611963245,77.4508515814646,33.52021033958527,0.36305636707631705
29.24894127924248,76.20325552345028,36.22647739684922,0.5221429130489404
52.001015307248345,64.0941761081901,39.669051123788265,0.7819919025375436
90.19113726606706,45.464318509480314,47.17700220001613,1.151691123260662
98.36308849117232,44.01029809763474,49.531626888693744,1.1915288239196695
25.75420641540831,78.29353285248042,36.08494190348964,0.49926701085203645
56.43590429247817,59.4869970364065,41.59372075380921,0.7171898461052477
80.69686841371791,50.7185874298207,47.317748831415365,1.0035771798472755
39.43700539527748,69.45025855004975,36.65383937600026,0.6703436087868241
73.1073035844557,52.499638267630566,43.564383575358846,0.8916102593557392
16.106901442921483,84.03826393460601,33.13221658942398,0.37093247268118534
60.069856783358986,58.76039164226805,44.179672739964865,0.7822397992196998
86.58644583032647,45.9473164296765,47.99157527962767,1.0561090347926352
98.35216092035556,40.88873404862996,48.60381944202638,1.2038251689608812
7.936579037801572,87.92408227458999,31.511175354602607,0.2658898451173454
42.834727470094926,69.74581587067492,38.78766028482024,0.6281768173740427
20.45428595464277,79.30402719884286,33.52217144536755,0.3793136960658047
45.063649051873476,66.92382254268847,39.6260048014312,0.5593850742601882
54.7763572628854,60.291562045490245,40.79882531441228,0.7574182790402917
9.332671036982077,83.81399430432363,31.567203489186745,0.3153002122023826
29.686077548067946,73.84819905432504,37.19747229680607,0.565969448690882
92.75842401521474,43.32220610889774,46.84202390088266,1.1209909669952955
56.900373143019536,65.52333950282855,40.41826928681921,0.699268304859727
45.7411997523612,65.77846125624654,38.330930969031456,0.6197115878199497
75.35259907981145,51.73204232428299,44.22283874596359,0.9805456080650762
74.18621518420373,48.80209559794492,44.10848999154937,0.9376356763103836
4.857903284426879,88.77219054640759,31.460056614776196,0.26254357705220704
70.86973954427461,51.41023264020868,45.27048073726527,0.8910433885183605
83.92433478050836,46.22465356541711,47.70090821675756,1.1327337935091422
16.59378842069539,83.7877765265343,32.29919555761007,0.4523372847710286
78.09979379999574,46.74024624084421,45.51254086142928,0.934418156727293
28.65366167291019,75.86500998833539,36.18299754805686,0.5319881663846445
30.646975332955726,76.27837162685239,36.36939801887659,0.5216728728202966
66.5261465349683,59.787815205396406,44.610976706502896,0.8659394416141667
11.139217160771576,82.59020520263498,31.552509196610306,0.2684077721405067
66.48724488032943,55.50832785935555,43.45376839716671,0.9459489804756769
88.78567926762227,49.21603301299407,47.363905138618364,1.146119709734509
69.63112682354064,55.134316299066484,44.17730038379766,0.8234562656044496
44.032787666540905,66.5110782981902,37.72766062061849,0.709502442078375
43.82143843772247,66.65430910652431,37.83534996658692,0.6362954708596056
76.50960952393065,49.80008259089974,44.57181104499764,0.9352065665371644
56.56420012258828,60.83855552785387,40.74917071336261,0.7168131129969946
8.49041631918176,87.93123279330781,33.24600652946911,0.3321451787848544
58.26710878614046,62.6419777440767,42.82882367152352,0.8026658639331801
81.48437028934097,46.90927424967882,46.08422438715425,0.9711363868799902
33.706638344761,73.57585297702798,36.91426096316171,0.4965114940310624
92.75765795753895,42.816851551085485,46.95709557339739,1.1082004243947097
75.07170003431679,54.02903079105049,44.83504766031189,0.9250916980611489
57.406382514996444,60.98408928804318,41.64089121631102,0.8004528407575958
75.16439887929184,53.16084992395361,46.178563989259594,0.970580838447109
7.914896073820521,85.72534154917274,31.90978393443907,0.24736646559518147
85.93890756806114,42.656374354692986,47.620671572387785,0.9765136044418653
82.1504113200558,49.01879923070939,46.72784515376162,0.9548041498580702
90.98716596102089,41.96292312042938,48.46643438187631,1.1533744350517314
12.863119750938,85.06269694788467,31.175864774252624,0.2788906738323315
8.17800870939852,84.55133986050117,31.218844073539405,0.287336847037515
13.841557278158978,81.86919604877454,34.20319825417334,0.2502576960914849
39.93787101028001,70.01325884483539,38.81147064466525,0.6192317018859503
42.430686108099195,69.94024485439917,38.980371720684985,0.720283181359543
56.221837873090564,61.54959342785646,41.31108288384217,0.6958150171808013
12.224354963250505,87.17218806246478,33.10431238839576,0.3497284130882412
20.139950138137085,83.22766065390307,33.08310061867461,0.41502259803710134
81.16443482840215,52.848719770138906,44.65282740366667,1.0575385455917288
46.79875740567494,66.131983848045,38.977664928900026,0.6614255580899663
80.79382094836102,46.63917261361378,46.696687247395985,1.0215794565868734
0.7426378544613033,92.06883810124592,30.25635745316087,0.2165250849520865
55.15927259824055,61.58767313028017,42.04581319849306,0.7802348669309436
93.19321480766781,43.47972522017011,48.99009347809403,1.089976512825496
58.21754591458701,62.14786724841684,41.68835137913174,0.7917978972150947
20.609572744527416,76.48634082671099,35.44939950292112,0.44661200731950046
71.77575622795575,57.37036429668712,45.48752702404862,0.976157091850788
37.89858496989177,72.80063217326072,37.48162569275891,0.6037722954751015
66.83839472594599,57.28534580116995,42.26462908417312,0.8117861205613958
2.931972289377127,90.31584735626882,29.67903296561991,0.15164081411776778
63.59003593513562,59.31888711108689,42.556556048742976,0.8563316373933866
3.2197934937924,88.62375948424196,30.27714731510603,0.18161574727927865
74.47806551417659,52.145418598622584,46.55337543271597,0.9869973854460599
47.29130022384551,64.87606533936568,37.77812589582447,0.6585237840603991
12.17543554730537,84.48671078815406,32.37082932257186,0.3723351526427027
54.26359257885059,63.590609830118055,39.78649202837189,0.8489267570189455
6.67744432250047,88.82767544412617,31.452290733413143,0.2636583094654279
65.33648713530407,57.73307644978636,43.44956225995283,0.847564852029592
99.60863273678254,38.48928060004761,49.5168295729426,1.2467609748279644
76.93973370739623,48.37766745150857,45.91842815516076,1.022592588463447
57.377411365882445,61.05616999303892,41.276855332670195,0.8588545220644618
10.263525921079586,84.81332028608107,31.873309571459746,0.3124637401766044
69.98340747729146,54.81211309576707,43.57879277003938,0.8681907268557983
66.11678673279312,53.88058083889219,43.874181635290206,0.861553550190641
4.909713062277632,89.6940737499322,31.120444076161775,0.21791567096678816
79.22993018445906,52.530294400238034,47.419225666674606,1.0042897870160261
51.87165908905052,62.41760012624576,41.64435669463449,0.6753046064971565
42.58676941999191,70.31857951324835,39.07112849156896,0.6709680170158328
78.81871736014655,52.496303043550036,43.60430182592926,1.0230616813308626
41.156922320883716,69.49843299285352,36.7470561521361,0.6185208884047206
48.10262755051535,64.05168897235416,40.6067760828929,0.6823051028429505
18.162884267382463,84.14532093683083,33.156938293951434,0.37180669676476835
32.131889950642865,74.69589789222303,36.66122174780686,0.5869316596825103
84.55329965625687,47.22127526144748,46.28018453125165,1.1049038706970493
18.690374892671535,82.20050334501005,34.25596160905055,0.39418959165560424
41.72910609033441,72.37986393053309,39.30381116216139,0.5744585670480444
98.90345073952994,39.553954336857295,48.571062408320365,1.1301920914358188
23.659981170551937,79.55285450523762,33.91842480862285,0.4509808473574062
91.68323329388289,48.04470369450797,46.67291824544487,1.0849292360680092
91.8397467805633,41.84699694124739,48.60135666794143,1.142194161424439
9.129634220320181,84.33667571238378,30.160646423234212,0.2719615653347138
46.365272488551604,65.6216535945398,38.90697280281168,0.7023404428474465
50.22163353227871,64.57252895976221,40.563937852988545,0.7125870975467306
31.366895005212747,73.89660502562523,38.33147193571751,0.5635716031497151
4.733953723773698,88.23461401684725,31.31520908704219,0.13564427462302237
24.168563724539784,76.27496709746063,36.08659748688288,0.43033312495415454
9.552964155536092,83.97819094447016,32.16975167366699,0.4063690482187027
23.824990571241177,78.69008568234456,35.07424152363325,0.3130918551255649
80.77910862901561,49.92026940495962,45.94489882802993,1.0499236971544141
89.49782878860117,46.999245224019816,47.5162956248166,1.1158784749244588
4.32228920796468,88.65756544586894,32.038835993135635,0.3075079447971086
30.1946836262719,76.44635145798557,36.41361107807935,0.49326724648643766
98.05821985942876,38.68498599120262,49.947940316770314,1.2400999205469316
53.95048225537353,62.25792625008167,40.181921190643635,0.8003501127606741
62.63093617098563,62.38129181627408,42.181145502768686,0.8361483663449284
0.554540840690454,90.5068856727581,32.17839865111715,0.1473448144884304
48.49094434425593,67.24931375096467,39.63068703842291,0.7305596701466534
98.83285346223875,41.12904274320621,51.09273875203975,1.139656684858129
37.51855274827981,72.09139533971766,36.98345883832189,0.5683166989545775
9.703815863886122,84.6862839650006,32.7423073443255,0.34438357084698756
46.19087615684484,74.0477203576302,39.527970830214585,0.7165121468929833
96.30044659922582,41.057464855567694,48.85637621450203,1.1456065173320096
34.18306135650164,72.83182688626287,37.48517516984481,0.5731797603837053
79.89227332150132,45.20419068833884,44.43501075540779,0.9217959025207396
79.8846331213062,52.27021675453635,46.55154805318241,0.9752272861495915
20.824829673893664,78.48307926368331,34.95186915669038,0.4816942415351256
44.33677018012118,67.71002669791613,39.14042722413693,0.7105371041935173
71.56012751543048,53.1638551405211,45.622949199589954,0.9490619669750942
41.051978541392785,69.19664483875393,38.14229525358498,0.603428061123501
19.10069553704211,79.88115803463769,33.67099992275727,0.43336997120272996
96.74943068064185,41.53920110811778,49.70492566523637,1.1663328972045293
65.07503664762933,57.35687871087764,43.88271358224604,0.8591617968509633
86.54598515228994,46.418596800883265,47.879037544910474,1.069878996943205
2.5242357799643678,88.40212765692526,30.278234081330275,0.18646634249655372
26.690581479113472,79.27174616509531,34.34288845064405,0.5032020553571036
50.20711003267429,66.65927882318138,40.70490126248117,0.6485737372979874
6.744863513005173,88.40245288039058,30.559401428327895,0.3062408778395397
99.30332610947917,38.88343918303686,49.04238985393557,1.1450031375661958
23.646239619802888,80.69052185379529,34.07460474791788,0.4003586104031546
37.429218234544805,73.54867990111937,37.543552453665946,0.43224981455528433
21.401191490834627,78.19259559697956,33.48394183387642,0.4062077423212614
10.544586610545082,87.77541072912706,30.973229285323985,0.31490531485191875
23.247978560423576,77.00955883378863,33.990753767626934,0.4738334110069091
30.06101355032047,71.28542954802961,35.82887089960319,0.5661539359881387
63.44422678994391,60.48093857733439,43.14312982613386,0.7599315965079676
28.123478145290846,75.69922336649442,35.69196253982191,0.5304761558069033
36.22767609765762,73.84000508032115,36.16507312428265,0.5390750482965684
0.5942843723529823,88.19445348837513,30.34751900604165,0.20233983881314827
36.57191259273645,69.1905036801377,37.63713803994329,0.5604557081487436
53.38859816982946,65.76944449233321,40.22275644355134,0.7114102481573099
16.20158370505309,79.08467102068192,32.444070682182655,0.3175202842063842
59.7433108360375,57.00628355910653,41.152032013145124,0.8113939441210744
29.315246862717935,71.49120278711233,35.33123705569803,0.5337097208599869
63.20504948017279,52.80853066329845,44.85525193247044,0.7690619091637283
2.6196605250843774,86.61196097092903,29.63485969622633,0.22522366743217767
88.7593460467775,41.28151105978718,48.01786837653438,1.0561428477334398
1.6118630423373914,89.12285750961163,29.60827001209456,0.2709147193143032
12.695803103596138,79.17926374755262,32.03317750493391,0.35163700838319534
77.71624615706023,48.953330083117905,44.837112792015645,1.0525977172918701
4.589523220217062,92.36936238231078,31.71910702994998,0.16845698212971388
71.09986935955101,55.14031380144864,44.5990817004535,0.9627085236135682
97.10461405101289,41.55330432530901,49.29157900906177,1.1791794110345575
87.16829331423072,43.17434938224493,47.93659360949591,1.035424260652544
71.01616513206986,54.00072210206753,44.94669872168781,0.9346218259986336
95.85097430216668,42.17072997518989,48.31947981403183,1.2368114066630431
42.98133378865819,65.29897151409679,39.14351917091467,0.7100440441202277
87.28789143218073,46.608415645670874,46.739946602014534,1.1139898245346376
35.59576679736146,74.58458151544946,37.95708858666581,0.5063774336825708
92.97636529038468,42.815301117128904,49.335471537463484,1.1452568255749735
14.87776562421036,82.16664445108626,33.37925617553885,0.36589878504610296
94.00290149282735,38.91435642259548,48.59065395734144,1.2021298460604548
83.27161972832127,45.56572239862019,46.12821468254315,1.0244724383322188
84.60548381964641,49.81264829303323,46.65746806525619,1.046833427347258
12.392300992394434,82.48074821064176,33.24761496253242,0.29124757527738987
59.648689834173695,58.31623181402832,41.247406921167055,0.8298912643735895
1.639248087593137,87.79520972426072,30.37752085748897,0.20562195641823883
72.11843660506068,53.825849443468,42.67605815169037,0.9304832954883862
0.7737514125903955,87.29629247197322,30.415124941042382,0.18426001348170934
8.482227744523364,86.0119191396788,30.66091713148372,0.2871842581318545
22.54984104500236,76.00506412325271,33.191831477165415,0.3714777602011739
87.51245338732247,47.791773310490335,48.02120555940513,1.0831689922144971
36.35763179876134,69.70707254594012,37.48186388988607,0.533447556776231
53.99599352125585,65.64253987723627,40.35582121460316,0.7749263629339707
56.81032138189784,61.57477400353631,41.05996860061026,0.8604758847442049
22.54633603059599,77.03554312791154,36.78030097357589,0.4677484224120336
57.21467679844612,63.215582819941574,41.24879106666626,0.7161506422927804
66.09517950296032,54.203416490313614,43.01781987231447,0.8429869592346781
29.824539331732947,73.9935990440987,36.61721314550134,0.4177606391114561
41.862685898002596,69.06850599777746,38.459749516868875,0.6193053620746247
45.308892454613,67.10322016611708,40.04920694068017,0.5643777470767662
93.23506615420816,39.36529598615467,48.924462032723774,1.072281796256859
58.74937474795024,58.78401954079815,42.51096409212843,0.8423065869964534
94.82523716181413,42.9238501039398,49.40837784534766,1.1913042143404577
55.60347537651469,59.55847919302283,41.76599884012658,0.6800163975668209
50.056142084910114,67.50478755487664,39.96857544713584,0.678189412656847
0.3532210966248339,90.81375122925957,30.293171996594072,0.22670657371246858
48.088904387496214,64.92706702482975,39.34674538429865,0.7005137067754968
92.74549985626518,43.186665141267284,49.15326947863937,1.0460966387022328
19.836568902671914,83.80484379632769,32.62127509596904,0.4113661731349112
5.2091134389498865,89.26742018227769,31.767958977678035,0.22169850284827047
40.67788934738685,70.42149361603893,39.13360321969958,0.6667122887211642
37.2396480594112,68.54913842942585,38.189691389796955,0.5623874919615601
85.71530578712436,50.40156974372974,47.03896343790826,1.075117431392357
2.661111555995954,90.77424635974998,31.037451522306156,0.22115508518590418
92.01492297590049,43.69572773693001,47.62640592723634,1.153471452774914
68.09029989949565,54.85545391183461,44.45516219380017,0.8424995279444706
90.42259940642177,44.41289241923557,46.98530459069265,1.1376386587981664
60.75290708206388,57.219673097234114,42.74431253766231,0.8679772118210076
81.19533124361243,48.4607632627791,46.771723643335875,1.1037313448314636
33.55438735392862,74.74912735134471,37.11760530704942,0.6147333540871431
34.95662280275597,68.90644604413686,36.544240916303934,0.5227601363433694
38.98742303282924,69.87813973510083,38.55765083953339,0.6187317165017215
75.47970815727832,52.48765786712051,43.25867676889202,0.9951719434553652
36.92911744286478,71.74257735321427,38.163045300940915,0.5987934171961156
24.221980649226726,75.53113576731978,35.03583403937826,0.4798937298616617
93.76683567905958,40.75227637781609,49.80432580835377,1.1588655374702455
90.801108366304,46.77777658176476,48.36027065817735,1.0807483132746452
34.8797316086991,70.11107601001787,38.814136468499534,0.5591528437585125
63.46380702580473,60.28539839971451,41.75094207171281,0.8769774053230406
27.384221165307576,75.34315878712924,36.08625155156308,0.4969224813146142
20.611512871356908,81.85383626492342,33.236298085115656,0.35129745345473684
33.63395289967944,72.34086653935024,36.60040439948166,0.4924586151592983
32.70998926155012,71.31206272799234,37.2843704399527,0.5066378117784003
88.22761011966162,47.599304652956114,48.27095235014282,1.0720354261193978
82.23038147237254,48.85002681935333,48.52561497483219,1.0301674761439181
70.96232285590979,57.41599174269401,43.84105783781846,0.8607685033938864
95.93452252588969,43.81713890733083,50.472905849324114,1.1990930169642116
42.254335310805814,68.4139790867095,38.196566875030975,0.529665136894559
24.503303855567626,76.84901286889024,34.199760682828824,0.4714681228692045
11.739843719148924,84.17682282700004,30.725015182412758,0.34272510857249033
30.105335820119983,75.32775212565838,36.18373778992615,0.533258290907863
14.526373397045377,80.97331624801369,32.38396907379295,0.19191435232422044
9.218609736837003,87.07457427763065,32.691239317196306,0.22472232314756296
60.293219670692324,59.05866318103304,41.530243179204035,0.7852973958365721
36.41874497564469,70.94457202187102,36.807147437546995,0.57260155164669
56.45703425961436,60.69010619544781,41.64606212835381,0.760500772491879
19.13357207205566,80.8952484986589,35.54793021255052,0.35064839072202486
67.69058596527606,54.77060181392026,42.44946731211907,0.9410580589912392
21.550544727565978,79.4946678561976,35.32772175024519,0.43170692225512997
27.802359374403608,81.63202645500193,36.434577174676086,0.4582858478028771
74.17604221448768,52.804759972613475,44.614262472529106,0.8923818456279287
55.97378956447119,61.14509574116711,41.87017419791258,0.763148560140575
33.483641286701925,69.92280090035324,36.4124518310129,0.5977714349054195
54.29887825451936,62.95100472226846,43.23116410492912,0.7447477739163918
69.39847028582426,53.08230297058866,43.76759876540978,0.8923823311996704
91.2132121477629,43.642277688175405,48.323056523105244,1.1154462412098727
58.07132133944539,61.26755451757159,41.28847265873825,0.78674400677875
23.26863788928809,74.90370215571164,32.96027353034608,0.4210270501611581
74.66976307764965,52.980043965972094,44.67079923565174,0.8980548805130868
77.77690175547075,51.720579473116715,45.78741732263306,1.054219733010565
20.040131496265403,77.38573421253399,35.508948920909816,0.43227594507564104
82.0574219677886,48.18667063184753,46.90344152135429,1.1264308895028365
46.49348547228265,63.09192453950306,39.10931490672383,0.6898126518212034
77.97666620889451,54.162668767237555,45.65527643452652,0.9682020649137726
23.74782199882659,78.78721555368439,35.07690476617362,0.3901863859467517
33.25802697176764,73.01180951215798,36.2726393357746,0.5160804811089582
95.36971192916528,41.98827237410504,49.75617940263592,1.0960499717042016
65.7815073149805,59.37213355864129,44.78138962108278,0.9627071069548646
77.28778305015418,51.16777737108169,45.094407871535296,0.9720262450266612
68.8374343220629,56.242916381520054,44.97501713026294,0.9276771736256034
20.430411784843272,82.82205322830936,34.96240866119997,0.4524025506392927
47.06887484465426,65.77322828166848,39.951019829984716,0.7247345050697569
80.89638727117851,47.366535715397276,46.29120307279257,1.136357361893573
67.50351269093719,54.599242505024165,43.83848640917015,0.8702645320825558
0.6027885653297926,92.5559333862137,29.90316453919415,0.19693478244345822
8.74077426528228,85.81246948438697,33.585023356783054,0.295631757251663
34.67947202135594,71.65560141278269,36.21749124851573,0.5842217966515653
94.43655396185902,44.729011778668806,50.02225548665774,1.153309395084427
49.119048097458354,67.43639072262515,41.37353134075728,0.6777479176071797
27.017626743033375,75.53989109267044,35.08039101578398,0.4343793976585856
36.04237194537099,70.03494035314361,38.37432134836631,0.5217062452575212
21.065262755406323,76.32631142017442,34.35703389731227,0.424126261722083
42.12000571700126,65.35221929964689,38.48636093203576,0.5712561446732581
21.803543954947457,78.56825511883427,34.28614509815337,0.32733380962123115
84.57525073029277,45.92598274078003,45.30131904551613,1.051514483790591
45.62705990415628,70.90341886753423,39.67333593908297,0.7144020949234002
27.980201843577024,76.12697458760154,37.03959213306715,0.5128925659675105
93.28916481414817,39.47111850642359,47.95311254020503,1.1319972561123819
31.435135362919674,77.11989086956028,37.13436573066297,0.534501445248506
90.97146620433381,44.83768751666829,48.10908784857304,1.0273588768952808
4.341809097027705,89.23905441223236,29.77567254442813,0.20893608274740516
70.71150602676761,56.00831654028302,45.140191171073305,0.9910184957322671
48.388903903462634,66.39866118284176,41.36381761198877,0.7430949764144242
44.42210613279802,68.83563219447007,38.09016886768999,0.6086424277761597
3.632334435198159,88.66135412586034,30.942268582572506,0.3240389572726937
4.068319049138114,85.75306866350006,29.373928102148273,0.20478864590070298
33.2753617061941,74.09578354318789,36.613065022667584,0.49159401513836204
94.71195399074332,44.69183401461342,49.42845720099193,1.223915418315802
61.76599771146911,58.696888318973805,44.106109148137286,0.883046979783679
36.88748416809269,72.65886235209317,38.93507054974466,0.5394468665507689
61.197703905490556,60.24032633765085,43.88203912266133,0.8095225978257065
20.613153628522753,83.32472731357684,33.59553878383251,0.3890465372106413
16.50664428280374,81.24117725719861,33.05616378806174,0.39027337058326067
36.18172655313584,71.3251283978916,35.57203988570523,0.6401868614547197
86.33533515404316,46.59846894268492,46.55191152238965,1.0899610786585792
50.94017273502238,64.32513148228144,38.73620534515937,0.7037065067707752
29.690151605685557,70.60968877524861,36.30356721777436,0.4295865155946684
95.02516250691507,41.20219906360933,48.30804249659177,1.1891497816650685
81.59660896670599,49.80146564973855,45.21789952352622,0.9548187322196044
32.29739428024262,73.83478983054297,36.10406442014785,0.5136172893776448
97.20982452279924,39.79640943020612,48.2570879486304,1.2200100274196055
98.73510978303908,39.3028866041297,50.05603877639545,1.2279123708378068
40.866013374577804,68.85576705611719,38.457650168939,0.6505957975120166
65.59231028884747,55.600701293971426,42.80274946771175,0.8908691646475942
40.56531984512281,68.69123885655179,37.38238848861114,0.6129461715204152
25.73481057405711,76.05381447401437,33.80752073996585,0.47245583696165966
8.265267599986824,87.65810789322094,32.20841012524541,0.28725618923588997
26.361034611783197,78.85226523119056,35.50092766229207,0.48773921772895634
27.147985350974523,78.29317751330208,35.893912534317344,0.4982416755599908
39.86390796831395,70.92144961419346,37.66634621271014,0.6053055042929046
18.488603102530867,79.33905347990746,33.47979711492477,0.4105767371485117
95.38184033144765,44.22874073426364,50.51836721506584,1.1195773518965009
10.287988538115755,84.22750455790326,31.457012842124215,0.2875320514937133
62.52085331388015,58.78567775957887,42.19152664021795,0.8367334611899852
44.169738804622064,70.59157166155015,39.57783984378957,0.7378730371745976
42.35180489765929,68.99208326343363,38.77327227608749,0.6499675911830743
37.199178292427945,71.89497891426126,35.39321345141909,0.5652549855877713
86.83147101724458,43.75870551938453,45.67840747341725,1.0573035170823826
28.047698064680972,76.95016955519323,34.9487083463261,0.5176852560841566
2.0576157393623284,87.01117883571388,31.321822812317833,0.21571309142649617
91.80970159591067,46.11902851478047,49.033613396864816,1.1499660652363866
86.44802775736055,46.40678776697403,47.80912891222209,1.0900604803782659
27.69017900460029,71.68257281366564,36.16577989725588,0.4145978916860007
52.34875483250184,63.1095823786224,39.50080621187785,0.7471267994611023
10.908819726431707,84.0895210602123,32.7828110385369,0.3323693879648554
9.342706876107576,86.2995970141024,30.94725767849897,0.3332604621663493
83.7466108433709,49.467719359608886,47.69662137044629,0.9956119390421111
41.0265717569233,68.83118563209597,37.69474921717058,0.6649712225758339
66.1716540202307,58.93990937959239,43.51595688215282,0.8533766656377949
94.32005584771528,36.505861418836545,46.98951276582404,1.2426142751455571
24.513059156146223,76.31549242587643,33.55372291902386,0.532752239289366
1.3159831290861401,87.11727989378257,31.353874063704808,0.18275682170526886
2.414840578377242,86.28421268964154,31.17471198586236,0.1556874760389219
70.93856924031721,56.45012812253642,42.96977707474264,0.9442478146319637
92.45518847934781,45.430746558375795,49.77662941828356,1.083553433113081
46.7330273012871,65.081946308536,38.25582103143928,0.7247056491667643
37.510914809751874,73.60065660304397,37.522144065854704,0.6016022419778736
54.28604246774042,63.05991255103462,40.377107871681936,0.6701799751200256
85.89168375814408,46.21078991937765,46.2549215550077,1.0980200497911157
65.21538737929416,56.00646071760805,44.21101803739741,0.85901641972098
23.29798966821063,76.7944617129685,36.344579429266396,0.45358547787847947
77.45802045205737,52.21653948887038,45.66987830750913,1.0507825345105142
13.461349733647,84.5696349351105,34.218268863592066,0.32811738923336387
16.555997072871286,82.19900388794017,33.029984361384855,0.4034610572978693
61.26822828089896,55.265450504784326,42.36195425456214,0.7827628492918822
23.878340614263116,78.65354700497424,34.90715737924724,0.41009315972862564
70.47785475555305,55.891865750301086,42.93886206248689,0.8938711718718729
34.951852739195665,71.18566241947327,37.48982744030167,0.5184994572712028
27.742396000738534,76.21530308542745,36.25817234031008,0.5058170349243111
99.89184059727975,36.32631110275863,49.804894484814625,1.1327465926827343
4.061612455845953,85.50925564871747,29.120571323056346,0.28209348177440485
64.58225216831121,57.06040321936334,43.28415592803332,0.8077460923185288
3.8699585012244353,87.44551846135558,29.258978186094605,0.25758481320305704
76.02102579190041,52.692845847548995,44.392935324744315,0.900838594845397
23.008995749829086,76.12165135202663,34.733220442416126,0.4539765761862117
8.983186707236401,84.82599451714046,31.026974877123525,0.3440322418695448
64.84497119090477,56.5979548437208,43.22267088872613,0.848938270556145
73.26012172929283,54.425960083312,44.425814090962085,1.010035329231827
67.80953149188439,58.93731979079447,41.93140978763582,0.8710999473217585
5.190094713420724,90.84679328290979,31.205990503762653,0.27246933472820145
29.430694555415617,72.14777262862948,36.47271859136966,0.4480335968992758
45.108834621987505,67.34955430550534,40.034167167209375,0.6730098913610978
28.710328972549647,73.41977689323565,35.37549771974298,0.45869632508990926
81.05134562703708,49.34483728350898,46.14878544667221,0.9744938905908873
13.111510515269686,84.29008330159705,31.12719343371414,0.41012028554874264
61.217936169059186,59.55401371287723,44.20847663915113,0.7486683189319
98.82149436274536,40.4912294210384,51.26930706189875,1.1824765207685277
90.25565385988689,47.83825141958716,48.01929675436383,1.1381960518028036
22.21570624850986,80.33412565915289,34.31829947705702,0.43386060779591007
0.008188761366767494,89.45059669624105,27.07141490790538,0.10771553796831243
98.0597342061989,41.01855561869114,50.64720940415253,1.2107928055456283
88.27129846973776,47.60614637870992,48.21712087510484,1.013763036777013
91.94724663276126,45.245957695697925,49.20226119704912,1.0973098688953318
41.550355083763336,68.37467025071668,37.90482286145324,0.6032914182109173
74.4615462156731,49.21874120995631,44.42288041807125,0.7986139961410029
21.283149856914907,76.98911008599717,33.021211325562646,0.40753647032733586
39.230407108392754,70.67675489583065,38.624091151863546,0.6255979409419901
85.15480513871752,43.849543725283226,48.283114906441966,1.0430438300854865
12.761222421802076,83.31459979306611,33.67612736112346,0.33685871488805186
89.3865367873639,44.399593253942996,48.06456493348114,1.2069547105629304
49.65079723751131,67.17310698733876,39.60350774533474,0.7527799840260313
42.609565537257446,66.05912958442036,37.46994268408538,0.6290649462581674
30.564638809311838,70.8541426375421,35.41117724223151,0.6349968295212688
91.68487852727762,43.31827925314097,48.804526179090544,1.0850302340528195
51.76234607612891,65.3883532251226,40.067915839824906,0.7436073161643277
80.40263683334777,51.93851878118082,47.72193155140508,0.9251951731881326
85.76517872810324,45.2987566028285,48.30539177644498,1.077568187532243
92.23823545915369,44.82140976561553,47.84583795971458,1.116811839120921
30.338073403307618,72.60810240282149,34.851952616326514,0.5064203973740132
33.98108540443447,71.51180236664386,36.247798738115726,0.5583349237932769
59.507387634761486,61.381495634674785,42.96686047338879,0.8090740720972299
44.13241354594712,69.37009431213013,38.3025603010677,0.5876927733519877
93.2842532619742,41.35911187046586,49.202838637561335,1.113675275790042
39.75640516334864,71.07159406419966,37.38540091344255,0.5978670873325694
47.77780483752103,62.374097954738374,39.89872512452765,0.6063192678234562
61.71860885532679,58.7353777580055,42.87186374441834,0.8573145610784327
40.47394859737475,67.49452964875594,39.08062296505949,0.6988836014612518
99.24784359251065,38.760679523350376,51.282808849081874,1.2076556126539788
9.88512845589864,82.50528106776198,33.287254625987664,0.27246562630298055
22.060331780720233,80.07708690031787,33.88189484697128,0.3055070947512849
32.26551311236502,74.97499238468122,36.30608388632896,0.4466097183080544
14.772284363962019,81.23145692735343,31.78093177758406,0.3646842868403908
28.42192345315554,76.54020288630943,35.44869940309664,0.5473410613714307
77.92452928594803,51.560280463296735,45.60922300205419,0.9682410744081188
52.28920008852178,63.59849644707222,40.053880082774924,0.6485299374982403
3.395363612822,92.61865859275616,30.175488154114895,0.19040237392206397
98.26225851871888,39.18711350636084,50.68453188149624,1.1540111478083381
61.600647756664685,59.22828630309393,43.22761249642369,0.7193791093841836
5.893947860302095,86.28825201125784,31.577911619912467,0.24341116682901986
66.11687717969805,56.19800138089013,41.94586483237666,0.9057881097146872
37.836937069523394,71.40035547342126,37.76831831340491,0.49428027490938603
13.567329712507226,82.6275437433671,32.32923437156144,0.3076912944850389
56.36645928991928,60.095916834855885,42.58901931878095,0.6624493791259785
72.70799505033303,53.89445747075295,42.73930826339325,0.8861224833390139
67.11266044701217,58.808333070001886,42.863708398102794,0.8637244030185591
24.75131535003564,79.50987508493918,34.36361276175356,0.49857346412583087
52.486622145290774,64.16277790417203,40.03075039709825,0.7476516531320047
53.76634440708693,61.64603416885868,41.710847629914525,0.6784910590002667
71.68033641320368,54.532690994197104,41.98370887146388,0.9215024296080445
35.9867348941067,74.17591859963854,36.98929480259146,0.5431706783742571
79.77325951909393,52.49574876510701,46.80537257793625,0.9970890887885453
62.79218488956,59.3232816743528,43.53855448392036,0.8179471075131172
3.833160701853866,87.35470524874063,30.217554279830708,0.25400021040599385
54.647902166908494,62.27054341768001,40.24980228403962,0.7555346535001235
86.191209543177,48.44848708308851,47.58445548210811,1.1052337695212995
56.75741625552813,62.993984301978436,41.50251994135635,0.7734037568887725
17.582826545569507,77.69318750293928,33.58596842414116,0.460324800985725
51.0376370347584,65.79841661220536,36.40614921009069,0.7363376795417529
75.69458365293012,53.575284853594,44.01174452568289,1.0308613532596678
11.01051964454005,82.72035732771944,31.3388808660595,0.34611769760023753
81.70990787402383,47.615083830540726,46.9849914367638,0.9834597919321427
16.748164116306107,80.11158974561168,31.90887311859215,0.4296275360171834
53.40764922160645,61.93564978415108,39.63490228346084,0.7932853486334566
38.57434824367175,67.87932670377566,37.56048564280195,0.4421405519734368
24.862376751135574,78.1949954835361,33.68488017344726,0.4212015002527776
64.74325130087323,56.056935552028364,43.59150416535561,0.9195704683582726
3.739210877243937,87.98962688919545,30.35643849564018,0.2901115107312105
76.0045806743645,51.00257209671976,47.033822067167215,0.8870249312877012
52.69406387343709,64.16332310607484,39.90909405762853,0.7698787294962992
87.57712105438529,44.19020540066346,46.9391410077105,1.1621329556063313
52.07183199213499,64.45461475372544,41.218804687696306,0.7510532410732882
3.5033168534048142,89.02790360518497,30.045326444014485,0.16124035975332007
14.360096888214201,84.47514072629016,34.383587698085016,0.30441020217493125
79.56045886408273,54.15530874673995,46.395006715088805,1.0156298073895638
49.19760488579481,61.21699401659416,39.53564103771515,0.6811993006981906
44.18792714658586,68.54666509545335,38.6767874322401,0.7057624052761642
31.843478137749347,72.65993524791185,39.21940336466746,0.5549972181599787
28.454919826713045,71.92242274082115,36.17963832434056,0.582708082094159
96.58863124897539,43.38894562212562,49.468203265736506,1.2169171580929852
43.29693307834276,71.01593322861844,38.526809860485166,0.6605961981484438
88.40030326750168,45.01659294525064,48.7172226861806,1.0682863167333696
64.81631232057742,58.01367643215531,41.44493615031622,0.918386211353672
85.84276462736598,46.9504642059907,46.98736490250637,1.0587025634556073
85.24495447739876,48.245918097487014,44.21533343946625,1.0011545413586787
95.63120277897015,43.94547010836212,48.59283292988236,1.1587205689645823
69.79422362030941,55.79276286123209,44.806771536972576,0.8933494572865532
80.53969353943661,50.42169308920201,47.490169546742536,0.9557199259089618
73.31278954025815,55.86307831561419,45.268528146231674,0.974519819376515
60.522683594578055,59.40933375835773,42.74450531041335,0.7982054244080933
71.73541338917317,55.978422448011315,42.63118118788,0.9371335650321685
71.57504114248329,52.56847858437532,43.636634417101725,0.8767049811131766
4.090779303629766,91.16878024161852,32.29256087663808,0.23267423327676814
51.61108355315025,65.67010900817068,39.79835670014592,0.7548271436508854
79.26513607264745,49.559912895893355,45.71704481243638,0.980309945627502
24.2962186510004,73.62279438032047,34.0536817438424,0.42469510801487037
46.51479864740134,66.74197924203703,38.36920824399002,0.7743636715961403
43.498571096039505,65.88709563443875,38.229444992728205,0.6507954572388048
40.278716928424394,70.4599107421473,37.39468741975773,0.6394524956785197
12.183952776741148,86.81036125723038,33.39429235116507,0.3591514243701088
52.571154127014786,64.03454252208559,40.729600423292254,0.7305597231034423
44.62483652703315,67.33155650783438,39.94385113185015,0.6726295966378614
66.33927572776408,57.51477294410968,41.88061764222572,0.8147421672018791
54.94130587824516,63.10064745309717,42.21371432385309,0.8218234863771948
2.7542929652153214,83.89712530048784,30.572314817087967,0.2898904177110322
3.1917987605751375,88.88597434785346,32.47770813624097,0.2414287160493354
