"wind_speed","temperature","humidity","vibration","maintenance"
7.18943800311536,-3.5826359456405,15.9673980204388,2.05826920224354,1
19.7076283860952,15.632015960291,14.4515851279721,9.42539047449827,1
10.2244230452925,-10.388911194168,14.9180392036214,3.79323791945353,1
22.0754351001233,31.2058143271133,51.4434259850532,6.26240141224116,0
23.5116821073461,30.8643494639546,49.2827306268737,1.83502401923761,0
1.13891248474829,8.67320875171572,61.6342768538743,6.59207618329674,0
13.2026372011751,26.4215273456648,44.7422890691087,7.34692910686135,0
22.3104761098512,-2.27599516976625,5.56767152156681,4.95679432991892,0
13.7858753616456,-16.0623132903129,0.539630954153836,8.68718743789941,1
11.4153683825862,6.43198749050498,22.1834201132879,8.31837944453582,1
23.920833633747,7.7259314712137,85.0963223958388,9.83298825332895,1
11.3333539047744,0.456062210723758,26.7346206121147,6.66850225068629,0
16.9392658863217,-8.89158087782562,59.8600273253396,6.42860142048448,1
14.3158350489102,10.4198636114597,60.8599697239697,0.451452848501503,0
2.57311706664041,-18.8485381612554,99.2158440407366,1.90846442477778,0
22.4956242600456,26.421162369661,19.1189960809425,0.325872437097132,0
6.1521933588665,13.5799047537148,75.3390584606677,8.47194477915764,0
1.05148833827116,18.4877583524212,24.2387337144464,4.24457255983725,0
8.19801798206754,8.10592711903155,32.7452220022678,8.17203438607976,0
23.8625912286807,-3.24657136108726,0.353549467399716,1.51659993221983,1
22.2384829015937,7.67299422062933,99.7424143599346,4.05844105640426,0
17.320085153915,27.5643005035818,43.8059504376724,7.22508931532502,1
16.0126703442074,15.1339345797896,99.7688744915649,0.596338284667581,0
24.8567444155924,3.68553915061057,19.6719169151038,3.30349223222584,1
16.3926449778955,28.6742409784347,11.1476795747876,7.76764001930133,1
17.7132617041934,-0.886214366182685,25.0736450543627,8.40459345141426,1
13.6016506177839,14.8868402931839,68.0476603098214,8.70581530267373,1
14.8535505111795,7.32933747582138,57.7254296746105,9.53041901579127,0
7.2289934323635,-3.87179301120341,41.6347296210006,3.8395575247705,0
3.67784118279815,13.3106322865933,72.9181243572384,9.50631966581568,0
24.0756058134139,-6.12614694051445,57.4189733015373,7.04104625619948,0
22.5574761279859,12.5939738797024,57.76351490058,4.21981393825263,0
17.2676319605671,6.85420847032219,58.9999127434567,3.9131609397009,1
19.8866854421794,-12.1827117865905,22.2928340081125,2.1056674560532,1
0.615342112723738,17.3035589652136,10.3492298629135,7.52480180934072,0
11.9448992772959,12.8796569956467,73.6506026936695,4.45077850483358,0
18.9614884380717,-11.0453471774235,61.2403756240383,4.53314842423424,0
5.41019839583896,13.5727521544322,95.1212360523641,0.832508592866361,1
7.95452519087121,5.61313458718359,95.9875865606591,3.65169028751552,0
5.79064463381656,6.86380590312183,74.4836050085723,8.94952905829996,1
3.57000055955723,29.9976862967014,43.4830145677552,5.44437845936045,1
10.363658395363,23.1752369645983,17.4775137333199,0.308270663954318,1
10.3431081573945,7.41320533212274,43.5288068838418,3.88433083193377,0
9.22113627311774,11.2758557777852,76.2458187760785,1.13395245978609,0
3.81111869355664,-5.45257534366101,91.9029311044142,2.77254458982497,0
3.47015158622526,-15.4483499191701,90.6697582919151,7.19519831007347,0
5.82585248630494,3.47770547494292,81.5512828994542,3.76025184988976,1
11.6490612563211,-19.2135070404038,19.9752942658961,6.34459954453632,0
6.64931600913405,32.0499681169167,4.9625585321337,4.96747792465612,0
21.4456928835716,39.5569404214621,47.8948525618762,8.07486457750201,0
1.14577916683629,22.531323293224,59.0393368853256,5.82188408123329,1
11.0550018551294,29.6029294189066,9.66202358249575,1.72012803377584,1
19.9731211410835,33.5137761710212,95.0890234904364,9.37291039619595,1
3.0474814993795,12.3646439611912,16.2743138615042,0.538108746986836,1
14.0236995939631,13.31881551072,92.1506262617186,0.872321871574968,1
5.16328474041075,-3.41360697522759,12.7775072818622,8.41558005660772,1
3.18829125608318,19.5518755493686,66.2739590508863,4.20889260945842,1
18.8326966075692,-5.39388545323163,78.4041927428916,7.17486052773893,0
22.3761339788325,-2.70402771420777,76.4613161794841,7.36150731099769,0
9.36156939715147,22.9468575119972,67.2570310533047,9.87470545107499,1
16.6278798657004,23.6520179873332,11.5665902383626,9.60967119550332,0
2.3710165231023,-9.61741767823696,85.1301487535238,1.41793734394014,0
9.59924094495364,-1.62132447119802,61.7961594834924,6.64951315848157,0
6.85959111433476,2.19443660229445,83.6411555996165,0.331542422063649,0
20.3660009719897,-15.3367067407817,16.9928224757314,4.94513350538909,1
11.2129085347988,22.7890113275498,1.02812200784683,7.91352422675118,1
20.25160882622,13.0553637444973,32.3469731258228,3.79209753591567,1
20.3097377379891,-11.8480762187392,26.9682724494487,9.48299361392856,1
19.8585580277722,38.4498216444626,82.5261356076226,6.60675780382007,0
10.9957921900786,13.7177895335481,93.3661737013608,4.32765095261857,1
18.8618789659813,27.3045628983527,12.7791483653709,8.38682598201558,0
15.7305282889865,30.9348450554535,91.3337606238201,8.04698722902685,0
17.7545600337908,32.6825064839795,60.5233947746456,4.27062305156142,0
0.0156193331349641,28.0285824323073,40.0285166455433,3.29390509519726,0
11.8829143524636,18.4089091885835,66.5795303415507,5.65040512941778,1
5.50297212903388,17.7356656454504,76.7599277198315,8.61229171976447,1
9.49541344307363,-3.71545971836895,52.1895700134337,5.85871024755761,1
15.3192750818562,-18.2036104751751,39.4507517106831,6.45120128290728,1
8.79494773107581,5.19185289740562,96.5786833548918,7.67084069550037,0
2.77838560868986,1.32608026266098,4.89855406340212,6.92857024027035,0
6.09048681799322,3.53987523820251,15.3308271663263,8.66797682829201,0
16.7013896862045,-9.68379005789757,69.6839065523818,0.94697552267462,0
10.441169491969,-0.821472839452326,72.7785873226821,6.09939294168726,1
19.7048958507366,4.81330385431647,10.8379415469244,2.40874789655209,1
2.57161610643379,25.5601418018341,46.4568545576185,4.69641658943146,0
10.8723185374402,-3.68658769410104,64.2125536222011,2.8392208670266,0
24.6239244996104,-13.0650525772944,39.7110937861726,9.18441278627142,0
22.3262778599747,-18.2398031000048,99.0430257050321,3.99744049180299,0
22.1617265196983,28.4113178728148,67.8708809893578,5.65344660310075,1
4.37631625682116,8.80758619401604,31.5318457549438,0.808770123403519,1
3.26739228912629,28.3748764172196,15.3769260039553,9.42700184881687,1
16.3275481259916,-15.2596590993926,30.1251735771075,7.35778605332598,0
8.58791180653498,-13.0797554273158,9.45155306253582,4.75312216207385,0
16.4189531991724,-12.2350226296112,2.68755068536848,1.81843248661608,1
8.00933106220327,24.3249125219882,31.0483304318041,7.30366880539805,0
4.69227798166685,25.4259120067582,74.2438868619502,6.1462704394944,0
19.5573575329036,39.5473185135052,96.0092212306336,0.610415900591761,1
2.339874667814,17.4731792369857,41.5802662726492,0.532953832298517,0
11.669476039242,-2.67859348561615,52.2235407261178,4.55256314948201,1
12.7876364975236,-8.0052935378626,6.75197287928313,1.80962136946619,0
14.9997239816003,28.05507092271,62.9841805435717,4.91305924020708,1
8.32058850792237,23.6657626181841,35.3413787204772,9.8187144822441,1
12.2153258416802,-6.97712151799351,42.471465212293,2.24122107261792,1
23.8618456874974,24.6543103223667,96.3768790708855,7.12528655305505,0
12.07255992922,31.9992224965245,68.0998486932367,1.50126059306785,0
22.2587555530481,11.7643453832716,71.8463884433731,5.25725839426741,1
22.8609546727967,15.9183128131554,17.0629765372723,8.28475823393092,1
15.218374558026,36.2579399393871,20.3609089134261,1.26860544318333,0
10.2672444132622,37.0434459019452,87.6549711916596,8.19683281704783,0
3.67736727348529,19.6319380775094,83.7522525573149,2.46003416366875,1
23.3824950817507,-15.6628051446751,72.0627042464912,0.970179655123502,1
7.5307224993594,29.5798947196454,28.106337110512,1.63701453479007,1
1.51801428874023,8.77264467999339,20.9990896750242,6.64355203974992,0
23.6931735009421,3.47372700460255,49.415031960234,6.77428116789088,1
18.0149068357423,-2.05263345967978,52.1752808243036,1.32951876148582,0
3.55735738994554,-5.34150502644479,21.9831811729819,9.79523984715343,0
13.7321164016612,5.30860790517181,76.3106702361256,1.46612475626171,1
23.8522809639107,36.2662106147036,2.45196530595422,9.41816753940657,0
14.6370838279836,-4.13089300505817,71.1485945153981,7.00351744890213,0
10.1127570436802,14.1141252405941,84.0887599159032,5.67962903529406,1
16.1973369831685,-7.86892593838274,93.0821072077379,2.46348989428952,0
7.99551542731933,-8.43166238628328,66.2091647274792,3.40871532447636,1
7.69300027168356,23.1167047098279,26.9942219369113,8.39761945419014,0
5.49419078161009,-1.18892626836896,21.823346032761,9.21521466225386,0
9.2372216458898,-11.6965923598036,86.7818171158433,5.15364887192845,1
24.6054800867569,-16.5181581350043,2.45715517085046,8.88112198328599,1
3.85505752055906,35.8659784682095,85.0026724394411,7.04072203021497,1
2.27609999710694,14.1002807253972,52.3933076998219,4.23762789694592,0
3.54767269454896,-12.9337783670053,43.5462701832876,3.00269103376195,1
17.2501775377896,13.8876688899472,93.1294746464118,9.633844406344,0
15.4814120847732,12.4153709737584,16.4550395915285,1.24820596072823,1
22.2848529287148,29.180951109156,37.8788392059505,6.80340532911941,0
16.8249773152638,22.178770233877,13.8044937048107,8.1983914365992,0
18.4269434481394,14.0649024164304,14.9721077177674,2.16274821897969,0
13.0283931444865,23.2785559771582,67.6447247387841,5.94087179051712,1
16.4959612418897,25.1466528093442,56.2116155866534,1.61695930641145,0
20.5451365036424,2.88535580504686,47.1648442791775,4.05526519520208,1
19.6570387925021,-2.71938312333077,81.1100168619305,2.38885099068284,0
24.4955479342025,11.9009996298701,96.2388532236218,5.27598845539615,0
10.9857884061057,-4.42123571876436,51.5409884043038,6.70954801142216,0
7.79255505185574,29.9074190668762,70.3722769627348,9.07564970199019,1
10.2368738153018,4.32183308526874,18.0879510007799,3.32797182491049,0
0.261677795788273,-15.6420844653621,35.496694711037,2.42536499397829,0
4.59623810020275,37.2255174769089,4.99027892947197,3.09988736175001,0
21.0682329721749,-6.96897302288562,15.2553702704608,2.26805534912273,0
5.7790445513092,4.33751600328833,9.92717186454684,1.23003134503961,1
5.97749889129773,17.5400989269838,28.0148076126352,2.67755625536665,0
1.91727913334034,17.704288228415,38.7450202135369,9.23653637059033,1
6.14309195079841,-0.305680148303509,63.4158786386251,0.564841595478356,1
18.3033801382408,-11.6654304834083,70.7063608802855,5.01455146819353,0
21.1863291275222,34.879430225119,32.6018318766728,7.93785936199129,1
12.4381816771347,15.9469580370933,96.5183315100148,8.37927345186472,1
9.69772574608214,24.9764257576317,69.6454447461292,5.76273668324575,1
6.16122485371307,35.137284710072,16.1078194156289,2.41850089980289,0
2.7774115325883,11.7259237589315,36.9062241632491,5.82062224857509,1
9.74986088112928,2.31872476171702,30.221775919199,1.37515567243099,1
14.2983828496654,-16.0515007330105,45.7965767476708,4.82712324010208,1
5.42231907020323,31.2621954223141,82.3282746365294,0.936856127809733,0
11.119200050598,10.6246780836955,23.2539350865409,3.04969527991489,0
5.44976671808399,-7.40011648274958,40.2322225272655,6.76705354591832,1
12.5574890815187,2.55060620140284,97.1612802939489,2.05134988296777,0
8.84761429624632,-7.55807001143694,12.4420745996758,3.94918506033719,0
16.2496289703995,7.55444903392345,63.029007660225,8.02853106055409,0
9.36784891528077,-5.50986499525607,70.3867005882785,2.2832069452852,0
8.88613451970741,-12.8785806568339,59.1200284194201,0.769075178541243,0
13.3421986363828,-15.6518510170281,99.6516271261498,7.78224907815456,1
18.5083590098657,21.4593909913674,4.53361014369875,6.70139696681872,1
5.52757344557904,-2.78254284523427,99.0072537912056,5.11109673650935,0
10.3186529653613,-11.0352502670139,74.5306309312582,2.14002060238272,1
6.64216717123054,38.3459205506369,43.6749597778544,1.87693298794329,1
15.7493263366632,4.63086341973394,15.3006548760459,6.11147175775841,1
4.59571226965636,4.10883125383407,44.8865175480023,0.387414896395057,0
21.5911027858965,18.913380918093,18.632471258752,2.29440553346649,1
18.6642001033761,34.9783443799242,42.6548582501709,8.23937889654189,1
16.7071162431967,-7.00027166400105,82.0779866538942,3.00368249882013,0
15.4504468315281,12.8799323132262,5.03789142239839,0.160918093752116,1
9.3059515056666,23.2030274719,32.5382151640952,9.61583591764793,1
13.2458921463694,3.83476031478494,84.2411929508671,0.877466935198754,1
21.8670585716609,-14.3599164439365,4.01997929438949,7.48023397056386,1
14.5437524945009,18.0937843024731,79.1872961213812,8.36008212529123,1
20.994194119703,-19.8512713843957,96.1628437507898,0.159805347211659,0
7.81120412284508,-7.36860561184585,66.0920487483963,8.52861498249695,1
17.7072580554523,20.7413685694337,0.871741911396384,5.50297265173867,1
6.62544515216723,31.9713478209451,46.5789224253967,3.39687408413738,1
14.8585798509885,27.9818269331008,71.6613848693669,3.25701871886849,1
12.032245012233,-11.9002160988748,2.81821098178625,6.39220112003386,1
6.62581828655675,3.24989546090364,84.5482558710501,1.27847296651453,0
14.1147608694155,27.3083157418296,74.6415409026667,3.11121101491153,1
22.8297055757139,21.5748199960217,26.403076434508,5.83082606550306,0
22.5468597374856,15.6563782831654,74.5913676219061,7.59196238592267,1
6.85416553751566,-12.5685409177095,67.1582471346483,5.51703141769394,1
8.03706891019829,13.3046861644834,17.2052733367309,6.87787305330858,0
24.6410221094266,6.96468326728791,66.9716468313709,3.71264337562025,1
15.4998327547219,25.9699917212129,93.0354031501338,9.06746856868267,1
23.4328522288706,-18.4341367008165,85.0974758388475,9.75735323736444,0
11.6633175581228,-8.28971408773214,78.1073235208169,7.66094181453809,0
10.1708148315083,32.8740738891065,68.5842331266031,0.122661136556417,1
16.4807581051718,-13.4119043918326,59.1369112022221,5.22603975841776,1
3.80866542109288,38.1130556762218,40.3273216914386,7.99046251457185,0
14.3216764554381,3.11191557440907,12.8348112571985,2.07455570343882,1
5.96815067110583,31.5154844382778,82.016446441412,3.86281783925369,1
24.0589734108653,33.2430852763355,71.6720472322777,5.42382778832689,1
15.0341431493871,9.34548991266638,78.8324852474034,7.44253082200885,1
12.8757431812119,23.0855085374787,1.83160011656582,3.33332431735471,0
10.0643335550558,9.2023343546316,17.4490140983835,3.24915238190442,0
22.0061635307502,39.3225316563621,59.8648968385532,4.23743036808446,1
9.10229661967605,-16.1149322241545,8.06388228666037,2.76301349047571,0
7.20598201733083,-10.5402333242819,70.7315941806883,6.26090149627998,1
4.26613087765872,27.1209171041846,56.3668774208054,0.435978448949754,0
4.30429365951568,12.5312973884866,28.2807909185067,6.06534786755219,1
12.0510651380755,4.99284071382135,39.2056765733287,4.17049096897244,0
6.32412321283482,39.932958940044,67.2728167846799,0.436190224718302,1
5.40636974037625,-4.6596129797399,16.2179667269811,9.93407740490511,0
16.8594097020105,10.4725402686745,10.8501903479919,6.26561040990055,0
1.19159068563022,-15.2617293456569,53.3444229979068,8.3884015167132,0
17.5213271868415,28.8201018655673,10.3199100354686,3.97084629861638,1
8.79721596138552,2.93074960820377,9.34180852491409,9.5308898575604,1
10.2235999482218,28.1309624761343,63.9925142051652,3.78397780237719,1
20.5237830989063,-8.12458179425448,56.4042437123135,8.19895087508485,1
22.9714337037876,36.7839862126857,30.5536519503221,0.0722655141726136,1
7.0632082526572,0.74034845456481,26.6009031329304,8.73742654221132,0
24.0276198426727,11.3230148376897,63.2500789593905,0.739439935423434,1
18.2098607067019,-13.2987196138129,83.0757833551615,8.16704250872135,0
17.1593770501204,33.1584910722449,5.13556152582169,5.86043036542833,0
1.32109856931493,37.2552983928472,99.233503616415,6.82746354490519,1
9.88050336600281,-17.5771542126313,2.20871928613633,7.14157723588869,1
11.9461344962474,9.61697131861001,17.9838889045641,2.80105278594419,0
14.0063315920997,-6.43617771100253,32.8692074865103,6.73513558227569,1
17.4565398716368,31.5280203567818,85.4895716765895,2.9703937843442,1
22.8920884605031,11.8561440287158,18.4360313229263,5.71045774733648,0
15.4587806842756,-19.7217109519988,79.5356702525169,0.547061813995242,1
10.7105377188418,-3.34639518987387,85.8852138277143,3.47608416806906,1
13.552009180421,-0.487811416387558,47.2019533859566,4.97679084306583,0
1.46196221467108,15.3223765967414,64.8202839307487,5.31688984716311,1
6.52142142644152,-5.01891795545816,32.504168455489,8.15768377389759,0
9.92879883269779,-17.4129631510004,46.613745810464,5.10326466523111,1
4.94361841701902,-13.3592727454379,94.240728369914,8.4894580161199,1
20.7981890707742,22.2252287203446,24.5464298641309,5.94192863209173,0
3.82218057056889,36.3412743294612,2.24570592399687,5.37895291345194,0
20.0854635506403,-1.32985891774297,96.7071830527857,6.27040413441136,0
13.6706539138686,-15.2904241904616,26.0048856958747,2.91973809478804,0
16.5579410502687,-0.695354519411922,65.4107216512784,5.67239138297737,0
4.29246234707534,17.4943322129548,7.53812375478446,9.99499982455745,1
15.8263839955907,6.41451097093523,96.9246099004522,9.20453968457878,1
7.79674366931431,28.0807180376723,91.8539323844016,7.69343193853274,1
18.1138586602174,-3.24297169689089,86.8152536218986,8.43732711626217,1
9.97349561657757,14.2427916033193,42.4378974828869,9.22279868507758,0
24.2339102784172,-17.4723192770034,78.1031975988299,6.00790136726573,1
24.1849592654034,-8.55695267207921,29.9905892694369,3.6780192819424,0
18.1675634754356,23.6251882417127,28.9452788420022,7.47003500815481,0
6.4304186613299,29.6014030184597,99.9273833120242,4.84860739205033,1
5.54469836642966,10.6432645209134,98.703720793128,0.0481082242913544,1
14.8261412919965,14.0635699452832,48.0046341195703,6.73142445739359,1
6.68803580338135,-19.9306508153677,76.2275066226721,4.03647578554228,1
13.2767599716317,-11.373313809745,32.8611925011501,9.53182034660131,0
19.6322917821817,31.9580249814317,23.6238847253844,1.3437141943723,1
4.20152026345022,-15.046336366795,61.7860030382872,3.77719945507124,0
10.1099795254413,-5.32575907651335,34.0449265437201,8.99857032811269,1
11.7894069408067,38.8925894489512,5.83910276181996,8.03341009886935,1
21.7026701720897,14.6548767667264,98.1945822248235,5.06427343934774,1
23.1426988961175,-5.07641813252121,68.8040121691301,0.180937359109521,0
22.0494389825035,16.897237226367,86.2182220909745,2.50273131998256,1
16.8546710629016,-18.0945607554168,46.1695483652875,3.0598814971745,1
23.7541744834743,-11.2145873438567,12.6027198508382,6.61724039819092,1
12.9111223563086,22.1843784395605,68.0295445257798,0.981769990175962,0
14.4129755324684,-16.066357488744,1.99487851932645,9.65290450956672,0
8.40828014770523,17.3084237379953,16.2958639673889,8.67223657900468,0
8.68311578524299,36.2396419234574,89.581583510153,2.84862571163103,0
0.500607513822615,-14.7263231128454,15.3157744556665,4.34687237953767,1
12.5703261408489,38.3682105597109,25.8641593623906,3.40949042001739,0
21.7760853411164,-18.4393573692068,24.4024680228904,3.4812997514382,1
0.157519598724321,23.5136771202087,31.1864907387644,3.04173218086362,0
1.80142809986137,7.22238349728286,22.1246689558029,9.1451596817933,0
4.1052806249354,13.9709442993626,3.05468428414315,2.83578851260245,1
19.2583518568426,32.3638627771288,90.30366090592,8.67847318993881,0
18.3796076453291,13.2737907767296,95.9397464292124,8.16691294778138,1
24.2968908918556,24.2591324355453,94.2848661448807,1.84587123570964,0
11.6618094209116,17.3877497203648,45.3300039982423,2.27226476417854,1
1.8596128327772,-1.33829565253109,43.7665002420545,6.65625837165862,1
16.2204531079624,3.53178907651454,5.01661477610469,4.68079254729673,0
18.964829237666,-7.87475267425179,35.9821268357337,1.09640063950792,0
3.42765202512965,31.1668233759701,89.6644064690918,1.45648297620937,0
9.91461486555636,16.4098090492189,37.1063167229295,3.17174333380535,1
5.62463323003612,25.3658808302134,50.3285011276603,6.07202998362482,0
1.44896401325241,13.7510085245594,52.7599306078628,9.47015262208879,0
9.89731720765121,-3.44605923164636,17.0270065078512,4.22586169559509,1
1.62320749950595,24.1335042193532,53.859877679497,9.2648857855238,1
5.64716082299128,12.956787631847,11.049344507046,0.996410937514156,0
1.36572772753425,0.767622636631131,61.4105034386739,8.66288959048688,1
16.7570509889629,10.8979380875826,54.4976426986977,2.60488230502233,1
7.44354456546716,28.9460768550634,22.762869251892,2.84032399300486,1
2.51803955761716,11.5763541590422,90.1508652605116,1.65858007734641,1
1.79760243045166,-7.81759700737894,19.8526436695829,0.299566281028092,1
22.0110142196063,30.8864608267322,42.1812117565423,0.981186414137483,0
18.8561850518454,2.22965290304273,88.4361858014017,1.19857751764357,1
20.4151471902151,-1.80048974696547,23.8200846593827,1.94150109542534,1
24.5535093417857,26.2358228163794,29.1630598250777,8.29592596972361,1
2.58999112411402,24.0069132996723,87.6395269529894,0.15314260032028,1
2.47604573378339,30.3343598963693,61.9072475004941,3.85690907249227,0
19.9707902793307,14.1429305449128,85.7298753689975,9.1435600980185,1
19.6143816632684,-18.4231497021392,47.7284332504496,0.152856642380357,1
0.235747627448291,9.16763369459659,89.4230959936976,3.09651001356542,0
19.4766470696777,12.560861967504,16.9069356750697,4.28502689348534,1
18.2347662979737,30.1996070146561,62.1070137713104,5.62131065642461,1
15.7532963203266,23.7198722874746,72.2760529723018,9.20765466988087,1
12.0227707491722,13.306828411296,19.0216163406149,5.16922419192269,0
3.9159212843515,-15.595136154443,56.8715502275154,7.40039969794452,1
0.205387995811179,-11.8098620465025,67.1531327534467,6.17846142500639,1
11.3114598556422,21.0765217756853,91.9210898689926,2.05749509623274,0
12.3073332186323,-14.0226838272065,32.5559697812423,5.08689040783793,1
9.7396777884569,-7.77284569106996,54.6752070309594,0.610623478423804,1
11.6166485473514,1.95880829822272,0.499117863364518,7.74502127896994,1
17.8319750179071,30.771745457314,37.0116141391918,2.04246863955632,1
1.38254815828986,-5.78764426987618,63.7621424626559,8.57073594583198,1
8.86957743787207,22.2926710359752,60.9607010148466,5.13771815458313,0
20.0703068228904,-13.5434701526538,81.8292169133201,2.5162134738639,0
20.8927209256217,26.744132116437,11.7891796631739,8.12749446835369,1
5.94373512431048,-4.69365899916738,66.335767111741,0.670025576837361,1
8.84965256555006,12.8825995605439,20.1607255265117,0.261934788431972,0
21.4221355039626,-17.9659087536857,58.6859541479498,5.96256312215701,1
21.3440843450371,28.3665685681626,69.5069978712127,8.46893766429275,1
7.3973863851279,0.265168431214988,52.8288147877902,4.52399161411449,1
3.67620811448433,34.9771514814347,36.9521510088816,5.02177310641855,1
17.5998015329242,1.42638507299125,69.8472405551001,2.09659607382491,0
2.59516720543616,38.5219007870182,47.370445728302,7.15586190344766,1
0.843194324988872,3.06271135807037,23.0807848041877,5.36380053497851,1
24.9851131986361,9.32041211053729,45.4134696628898,0.491394286509603,1
0.871870102128014,9.4465738767758,7.91919191833586,8.22714880341664,1
8.45978209399618,-19.2647225502878,25.7680573733523,2.52496465342119,1
22.8765940410085,18.4883920382708,55.4080500733107,5.21448933985084,1
15.4308817407582,10.7544982992113,2.17597931623459,3.2699210033752,0
7.15713371755555,-0.77887290623039,21.1102063767612,1.10368841327727,1
18.4449350752402,14.8859894601628,63.6393392225727,8.51732170907781,1
20.851357729407,17.0406644977629,71.6973771108314,6.24640036839992,0
7.85676951054484,6.29647226072848,77.6862405473366,8.48066023783758,0
12.3141636955552,-9.77786116302013,7.32085653580725,1.26011811429635,0
17.4343441554811,22.904829797335,9.87483714707196,6.68251612689346,1
16.036558849737,24.8671929212287,94.639556040056,6.07933030463755,0
16.0980728745926,30.6348824873567,93.0883407825604,9.45666357409209,1
24.4463351205923,12.0855428185314,92.1451541595161,5.80624428810552,1
10.3683833614923,-1.86588430777192,64.9938648333773,3.03132853005081,0
2.98511949949898,7.39109092392027,15.6350366072729,9.34779137372971,0
13.1507415033411,3.06055206805468,91.014366876334,8.44359362265095,1
5.62683377065696,-5.05718871951103,92.2061887802556,4.24573354888707,0
12.1602941013407,19.277604687959,16.9240613933653,4.85665085259825,1
9.25536996219307,37.3194221034646,7.33673155773431,7.68520151963457,0
24.5837545196991,-2.5350225623697,56.6228931071237,2.52276818268001,0
9.70797787886113,19.0113451937214,36.5405296906829,8.12039961572737,0
5.73112100828439,12.1815958525985,46.0166618926451,8.2209540810436,1
15.5824386572931,15.8471119962633,46.473691239953,4.1733704158105,1
3.41350492672063,-18.506103833206,77.890710812062,9.16375945322216,1
24.1867373581044,-19.7094956273213,82.3666376294568,0.708756730891764,0
12.8767951973714,-12.1173047367483,28.2355052186176,8.10096084838733,1
4.07675823080353,-18.510973774828,72.9978314135224,4.85904471250251,1
15.5475573788863,-14.4722328847274,49.5971685973927,3.05234725121409,0
24.6488541306462,8.53349344804883,6.62683011032641,6.17873833281919,1
16.7192879365757,-8.20059432648122,3.76478305552155,3.19253370864317,1
10.4728974227328,28.8804369140416,23.7585074035451,6.52336813742295,1
8.08362482930534,-5.35644631367177,21.8396110227332,9.15848306380212,1
20.8813829987776,9.32845827657729,42.2386274905875,5.6907903123647,0
3.59542609076016,18.9329487783834,54.9751633079723,6.37890705838799,0
4.8203986720182,-10.4770117998123,71.3737604673952,4.16069980710745,1
22.4184670660179,30.218674656935,23.999410867691,7.96610151184723,1
7.70298885763623,6.1957917874679,89.5682013127953,8.62276194151491,1
9.08251358778216,-5.99026849493384,48.2623788062483,3.67417122004554,0
19.5986619684845,-2.06864047795534,26.2847001897171,4.8793856962584,0
4.8344669979997,-10.4347197897732,31.9918760331348,8.96351872012019,1
0.444145296933129,15.1340262498707,66.430197423324,4.6382284979336,0
10.1651966571808,-11.0733213741332,72.8051361395046,2.09327999036759,1
12.0791917317547,-9.25642641726881,57.1435950929299,6.76256295992061,1
10.546123754466,0.353290298953652,87.8695076331496,7.34129814198241,0
8.57022004202008,-8.96588366944343,40.9203278832138,6.52694162447006,1
21.6620828665327,4.33249133173376,20.5395789584145,2.06914217676967,0
11.3777012738865,16.8135771015659,47.0820417162031,9.60771540412679,1
13.3441218407825,21.1402800632641,37.9407775355503,0.0689716497436166,0
24.096083297627,29.4115360081196,24.7564962366596,9.02166552376002,0
19.3647885520477,2.4389268271625,92.5032525788993,0.896428602281958,1
5.2219087141566,37.1704602753744,46.6174706583843,8.3709477703087,1
7.7196708181873,-18.8700704602525,1.39416833408177,5.54206041619182,1
24.2835612560157,16.7424983391538,94.322473811917,6.03416930185631,0
14.6225023374427,7.81442583072931,37.4545655446127,8.11360992956907,1
19.0205906343181,1.28377723041922,0.804153550416231,2.62974624987692,0
9.31773486081511,32.9453817289323,98.0524503393099,0.399469463154674,0
19.2298477806617,-15.4518284928054,37.7540055895224,1.38287362642586,1
13.44192957622,32.9974714992568,98.5867554787546,1.05389832984656,1
22.8498862416018,-8.7066898541525,13.9616390690207,1.75405820598826,0
4.63241104735062,-7.09599519148469,56.2218103092164,9.61179955163971,1
7.05546043463983,32.1719374926761,79.4360194355249,1.94028641562909,0
2.37406032974832,-16.349716624245,19.3901368649676,3.32180767785758,1
5.26217697770335,-5.90602395590395,71.069850306958,6.923006484285,0
24.4274749071337,39.5809307694435,56.5708020003513,6.93466415861621,0
7.4075543845538,20.6918636662886,1.01157331373543,2.86106588318944,1
18.1495756725781,6.12920803017914,25.6950867827982,2.99119253410026,0
19.6421958564315,2.63859651517123,47.0981482882053,4.29953913902864,0
2.63544365298003,7.67104146070778,92.6862747175619,3.82629160769284,0
5.98986572586,28.1111122993752,99.5291978819296,9.06816516304389,1
6.76362180965953,19.7780185146257,20.9982300410047,5.34761298215017,1
2.52646235167049,7.96021984424442,54.5186908217147,6.07407371280715,0
2.94784603174776,-16.8044338095933,64.5392872393131,5.04373053088784,1
24.780913896393,-5.76812489889562,90.110798063688,5.04410703200847,1
24.6513574325945,-6.00561574567109,73.232174734585,4.23651709454134,1
3.42668678495102,-6.16078395396471,60.9710701974109,2.17534701805562,1
22.6327395415865,-16.2964235618711,22.4372133612633,3.19250218337402,1
14.4075459393207,9.8271165555343,91.6171013377607,2.41620127577335,1
9.88622147706337,-5.35249467939138,80.2761024795473,0.0115238502621651,0
11.2450621032622,25.4911323357373,31.2408612575382,2.23817161051556,0
17.6625475287437,12.838160651736,22.7251196280122,9.69164622016251,1
2.06256864476018,36.8840137775987,65.7595203956589,4.32402865262702,0
8.48281450453214,-14.8296684585512,73.5731156310067,9.63307128520682,1
17.0196887804195,36.8729550996795,46.5094254584983,2.55820115795359,1
7.92373120202683,23.3439320838079,86.3605329301208,1.35430539026856,0
20.789214951219,35.3202762827277,67.5000583287328,5.62592026544735,1
5.37930206628516,16.8304566200823,16.1467888858169,4.33249341091141,0
12.4487234046683,-10.3420099196956,1.20903067290783,8.62894126446918,1
6.90124181564897,-9.02355846948922,86.6068027447909,9.15476944530383,0
4.80058296816424,23.8110137218609,10.0712787825614,6.18308931356296,0
23.7655316013843,15.3715390292928,31.2232244526967,8.40930631151423,0
8.04313844419084,-1.25105824321508,43.4495053021237,2.88255118299276,0
11.9614095950965,26.3676639366895,61.5756064187735,8.99128534598276,1
0.699814298423007,0.177892129868269,33.9224056806415,1.4110324322246,1
13.6864867003169,31.3406014628708,57.9978102818131,1.41916863387451,1
16.1060055135749,14.8317096102983,82.9674802720547,5.7956757908687,1
14.9065886158496,4.94335908442736,33.4618145599961,9.95020768139511,1
8.0484343925491,35.9543671179563,38.2018996169791,5.33479852369055,0
22.277857811423,7.76193048804998,60.5689934687689,1.28510575043038,1
15.6564236851409,-14.0392202045768,49.5735892094672,1.77119405008852,1
7.5726228824351,7.92696179356426,10.926788370125,7.74550273315981,1
9.70511659397744,39.0450314572081,84.592829993926,6.50511102285236,0
4.01187731185928,35.5163719551638,44.585653510876,5.56174039375037,1
21.5637974382844,6.12392581067979,75.0375904841349,7.45507152751088,1
23.8275303447153,32.1832429477945,79.5538619626313,3.43212876003236,1
14.0911170863546,-1.97874969337136,39.0698857139796,3.91240229364485,1
8.23868533479981,27.8783578705043,1.48478888440877,3.52189561817795,0
24.9154304678086,28.0306427180767,74.3414826691151,6.22792105423287,1
5.87049189489335,3.21554176975042,6.83851786889136,1.60745930159464,0
15.3167991316877,2.89538170676678,53.2020630780607,2.46435532346368,0
2.70446323556826,18.7309368513525,12.2630413854495,9.47668921202421,1
12.1758142486215,31.7000472545624,67.5769999157637,9.88341624848545,1
2.4861455836799,19.3979602539912,5.60200677718967,5.35662978887558,0
4.02914406731725,10.9795644134283,79.8009385820478,0.453076865524054,1
7.0748217694927,-11.0731049953029,66.2604964571074,6.02266454603523,1
14.5968083990738,16.76595417317,24.424139666371,7.21679317299277,1
18.292691471288,-17.4819908617064,16.0372437210754,5.83022876409814,1
4.13802277762443,9.90153955761343,5.7999900309369,5.26473444188014,0
21.6616940801032,24.3704932974651,1.52111938223243,3.53766745654866,1
17.7143534296192,25.2339867642149,83.3354771602899,0.80061785178259,1
19.0099884057418,-16.2143755285069,26.18772177957,1.28392816288397,0
3.67710271384567,6.54891600366682,5.5414826143533,3.65875389659777,1
8.95142408553511,10.0403019506484,34.8033432848752,6.00146495504305,0
16.8333120353054,-3.78541397862136,58.0218408955261,2.37843368668109,1
13.0955650412943,15.9281289437786,80.4218275705352,0.18146054353565,1
8.74504481907934,24.150257576257,34.0265726437792,3.09872929705307,1
6.01326753967442,22.8146687103435,13.4850330883637,0.780126599129289,1
1.45479490747675,-13.0104237888008,77.3612920194864,2.50912423478439,0
5.91549355303869,14.5072371000424,87.7237849868834,1.40874939505011,1
22.2519478294998,27.8879192331806,98.7968035042286,3.70114748133346,0
20.295685401652,-6.09057220164686,65.4818585142493,1.40365454135463,0
18.6879080545623,23.4913495322689,25.4027303308249,5.67996666068211,0
3.87279314454645,30.2813918702304,64.14555599913,5.42680406942964,1
3.11855221516453,-12.8696857532486,45.0612380634993,1.63693082751706,1
24.3681452120654,37.5370237976313,19.6961197070777,9.45032742572948,0
10.9032499021851,24.8658750625327,60.6187485391274,6.25892563955858,0
11.6004156705458,28.6533687263727,97.4629749776796,0.648451715242118,0
4.132452030899,-8.60493659507483,19.9174381326884,1.80918276077136,1
14.623413933441,-18.441873351112,43.4758973540738,6.67738135438412,1
6.76945048617199,31.826937533915,33.9538734639063,9.06726876972243,1
5.75242300983518,35.1507919235155,3.40082424227148,8.15818716306239,1
17.2801957873162,-11.7423207266256,9.91985632572323,4.42474439740181,1
7.07130999071524,8.65891731344163,41.9232832733542,1.61201414419338,1
20.2599516545888,7.77769001666456,4.73383399657905,1.65773016633466,0
2.34791517723352,22.0107166655362,2.65292769763619,4.7894586995244,1
20.5507517792284,-16.0655059292912,17.35120464582,3.95862681325525,1
10.6857070175465,23.9823995996267,37.8086534328759,7.94919659616426,1
18.8971814932302,3.75589542090893,58.8322784285992,7.69837093772367,1
16.559637663886,7.68927068915218,33.6429670220241,3.99164953269064,0
11.1131849233061,23.5179617954418,49.454828677699,6.30196794867516,1
15.6786546111107,8.20015882141888,75.2326674759388,4.12669114535674,0
0.011633726535365,39.9714386509731,16.9062111992389,3.65390750579536,1
5.43108785059303,30.7561475038528,84.3631636584178,6.20854882756248,0
17.6218061416876,29.6924382261932,32.0302856387571,9.55958032282069,0
5.37916220491752,25.6986606586725,23.3887216309085,4.76072539808229,1
20.3483430319466,-13.2736104913056,30.9993565781042,6.2046377081424,0
7.69409685744904,30.3386211581528,78.9909963263199,2.89224087027833,0
17.1935671416577,28.8310314482078,25.4507749108598,4.07567722257227,1
23.3170269755647,39.4847316527739,92.2823525732383,4.44877186091617,0
2.89449162082747,-17.1011285111308,14.8353497497737,2.83533689798787,1
3.19264219724573,24.8072747467086,21.6477806447074,9.70138955162838,0
16.9555964355823,5.15881129540503,62.6091811805964,8.82598839234561,0
10.7237148971763,14.9286338314414,25.7070173276588,8.08850640896708,1
20.8600244484842,29.8440437344834,70.7173747709021,7.08226453978568,1
24.2859516700264,-19.1881623584777,74.2405218305066,1.80201602866873,1
1.76222444279119,-19.3086942099035,26.2356393504888,0.639757097233087,1
11.494629830122,39.7867424366996,57.2619807906449,1.06581010855734,1
17.5396279606503,25.9413800248876,91.5648627793416,8.4818431828171,1
2.17350419843569,-1.12024336121976,70.842005033046,3.59430208569393,0
24.8236004030332,28.7207046616822,84.4355070730671,7.85000595031306,1
6.32747485069558,39.473153045401,91.994241415523,9.08038844354451,1
1.2384608911816,-7.95442442409694,29.4634674442932,6.3342471793294,0
17.1581236703787,18.7622332153842,65.06526642479,6.15116288419813,1
19.6731838164851,6.25304373446852,14.1766190296039,0.675399040337652,0
8.84015189949423,36.2816956918687,85.3531681932509,2.41493882378563,0
9.16103612398729,39.2801983235404,66.6006616083905,4.10778202814981,0
7.17750326730311,7.37917365971953,73.3326679328457,8.11175012029707,1
1.99932280811481,-6.16310340818018,31.4740349305794,3.79141225945204,0
9.13635673932731,21.7293561110273,66.7717940174043,4.46950230514631,1
4.45034536533058,13.3979406766593,46.3886711513624,5.70507782511413,0
13.4013430157211,15.0826053693891,65.0282931281254,1.31212369306013,0
12.5987178005744,6.01787481456995,78.5775208147243,0.130183685105294,1
23.6258775868919,5.57050316594541,90.1704200776294,6.77669727476314,0
8.53303209878504,15.8112637279555,52.7407548157498,8.35155610926449,1
11.6178443538956,7.12513509206474,15.8109048381448,9.36263481155038,0
2.06327954074368,37.3965195193887,26.961875311099,0.584506138693541,1
21.5026711521205,30.6658210000023,13.4540214436129,6.68025794206187,1
9.89151599933393,-6.63388384040445,23.7557555316016,3.85856540640816,1
18.3974837593269,5.21021062042564,72.3056622082368,5.76129043940455,1
4.2935851495713,5.19897613208741,62.7125432249159,1.38814177829772,1
11.369040783029,-18.7525490671396,45.2364492695779,2.55833853268996,1
19.2551189858932,2.82687817234546,63.4306973544881,3.13060884131119,1
1.56624995870516,5.34090565517545,52.9496879549697,7.15117806801572,0
20.3770373773295,-8.51443619467318,33.0106385750696,1.88679528888315,1
7.52856311155483,22.319756904617,77.073736069724,1.4218128984794,0
9.11677569965832,-19.188771485351,63.498916872777,5.74111616471782,0
7.80281979823485,23.8721863459796,77.436368400231,0.491502727381885,0
0.934249121928588,5.96344587858766,17.8849163930863,4.35007651569322,1
12.9701230849605,23.8744055805728,39.6402273792773,4.8271016147919,0
16.9753353926353,-19.1635068506002,96.2715865811333,4.64816900668666,0
22.5808390066959,-17.2812014911324,37.7313619246706,4.86201937077567,1
0.638167461147532,5.10486258659512,7.7554949792102,7.37584884976968,0
24.726956768427,18.6304001277313,52.9335109051317,9.90986311808228,1
7.57219061488286,-6.81237286422402,94.9723993660882,8.40408358722925,0
23.4784600150306,30.0065591698512,85.6113054091111,1.11926322104409,1
17.1901895431802,21.6860388126224,54.9436143832281,8.61421876121312,0
11.1759248713497,33.9474691124633,66.495354170911,5.67851287778467,1
20.4119534697384,4.85441711731255,50.0448136590421,6.83278919896111,1
0.987479946343228,4.66028219554573,92.407216085121,7.8960547875613,1
18.475792137906,-4.99910063575953,9.1927953530103,4.02525533223525,1
8.71798734297045,2.42602234240621,49.6953357476741,8.53277189424261,1
20.7312705868389,-6.08643603976816,78.2224094029516,1.89605532446876,0
13.3885347924661,35.8961898786947,86.9846874149516,4.95721633080393,0
6.86363409040496,8.58068530913442,90.1552329305559,1.20044349227101,1
20.023705298081,-17.1400998206809,81.1382487881929,2.28663306217641,0
2.2911173698958,26.411863360554,15.372962737456,9.05497896485031,0
20.8026943553705,-0.132960234768689,72.9758727829903,4.73774873185903,0
6.92137681180611,13.17258823663,75.9502933127806,5.40476779220626,1
18.8277524895966,20.579831735231,66.0819487413391,9.73795318976045,1
24.1038142528851,-3.3599377470091,90.8035086235031,9.72429021494463,1
2.0366640004795,-16.8286592978984,38.978386647068,6.85359469614923,1
21.3591186620761,5.54551502224058,95.6978344824165,7.7995915315114,0
20.0559554272331,16.6071089217439,45.65863693133,0.204532174393535,0
9.62934011477046,38.5627621039748,19.5008594542742,7.28465740568936,0
8.18993497523479,38.1880072131753,59.0719233034179,9.22698445850983,0
5.12346757459454,-14.6909265592694,15.5398693401366,4.404577978421,1
14.2345665663015,9.90280223544687,51.94960788358,7.05574781168252,0
22.2013797610998,3.74136206693947,41.2839690921828,8.16724790958688,1
13.2428522862028,3.41991574503481,82.7216950245202,4.86609313404188,0
14.6739664196502,-0.890030548907816,56.3095880206674,8.42999417567626,0
16.6433785634581,20.9545032540336,45.6475481856614,4.92873826297,0
13.2473114645109,-2.92310554534197,19.23486252781,0.176692183595151,1
12.7460724848788,3.40568285435438,47.1946834819391,4.40465257968754,0
0.404012022772804,39.4101136177778,23.250024439767,4.77924662875012,0
1.19274962344207,27.5203438894823,31.4079710748047,6.01240573916584,1
23.2337670633569,-1.25569090712816,86.6852045292035,4.43246723385528,0
19.2321384674869,29.0270638233051,44.4987307069823,3.07177442824468,1
5.02701540244743,-6.74541366752237,43.3928418904543,6.7298921640031,0
16.2565375096165,10.0644292170182,47.2588081145659,6.09114264138043,1
16.3441670592874,-9.98166222125292,83.3401712356135,9.73678541136906,0
9.88134403596632,-12.8204483306035,1.03411078453064,1.75834712339565,0
20.3076207137201,33.8565980643034,30.9129474451765,9.73226474830881,0
13.6755854415242,-14.3771072803065,8.6152971489355,5.79317138763145,0
22.1283162885811,31.9035133998841,82.3007093043998,7.38125260453671,1
13.8328496890608,-3.40451217722148,47.1107213757932,8.65817889105529,1
22.6512027904391,-18.3629784360528,53.2335925614461,6.47486103931442,1
14.6865341754165,27.2430978016928,39.5395429106429,6.94696117890999,0
10.5865912744775,1.51961798779666,45.4437169479206,9.95905438205227,0
23.7396330747288,-18.4938220540062,11.4900947082788,8.49373399978504,1
17.7259475865867,24.7656158776954,3.10908427927643,7.6582223828882,1
10.3326352022123,-18.2224653707817,2.32108787167817,1.37665323214605,1
0.459102093009278,6.03188985958695,7.75193453300744,0.951889341231436,1
14.1683520691004,-4.60239002015442,36.1531095346436,5.21848226897418,1
12.2515863273293,9.8809132585302,76.1408725054935,1.9246097211726,0
21.966850530589,19.2013138346374,74.3281641742215,7.31465178076178,0
20.3213171975221,-14.9805868603289,9.76922034751624,4.94586978806183,0
21.3524994382169,-9.1716522956267,96.1905417498201,1.42759153386578,0
9.19739869423211,-13.732249904424,14.3204428488389,8.41216969070956,0
21.8487478210591,28.7435790291056,48.4661741182208,9.4130395934917,0
3.7834542861674,17.6501464983448,56.4910990186036,2.77967476984486,1
7.04529174254276,17.83434915822,93.2305590482429,1.50379287777469,0
16.6676289460156,3.45339101273566,82.002477068454,7.06673442618921,1
24.4345894199796,5.9352144272998,53.3083039568737,5.65338594373316,0
14.5684934163,0.918040135875344,38.4468980366364,0.905024409294128,1
13.16475198837,27.6134655205533,54.5988312223926,5.60340407071635,0
1.51955562178046,33.2161667244509,79.6727934852242,6.15260063204914,0
24.2259715916589,19.0676252031699,62.734336219728,5.48419935628772,1
3.00592821440659,15.5717958556488,10.3957000654191,3.93490948714316,1
2.20908252522349,-0.33067436888814,19.1992509644479,4.16668150573969,0
22.0191028725822,-15.4586379230022,84.2110433615744,9.04910921584815,1
12.7092657436151,15.4832345247269,47.9376612463966,6.73621984198689,0
8.43737493269145,-9.29979418870062,77.7260588016361,9.54790232004598,0
22.3583656363189,24.4810074474663,81.8179134977981,1.51231846772134,1
0.799290701979771,-2.36742751207203,29.6933939913288,5.59741638135165,0
5.9307424351573,18.3511486416683,22.6709939306602,0.986357508227229,0
17.1622587775346,-12.5106561649591,62.0357893174514,6.23449966777116,0
5.64546058303677,-4.68405297491699,37.3875572811812,2.56372759817168,0
7.96236470341682,29.2344812396914,88.5972418123856,4.79266564594582,0
4.34959541889839,28.2268235785887,12.5531607773155,4.77143506286666,1
20.0357395922765,-17.2499221563339,15.7996590714902,8.30491416389123,0
3.65705144940875,32.5319033116102,63.846252579242,8.95577512681484,1
20.5679347913247,-12.3194546019658,18.6130561865866,5.76875721104443,1
8.27494571567513,16.5298842126504,66.4508679648861,9.43795091472566,0
9.35423469636589,8.17401239648461,51.2025854550302,2.91835304815322,1
15.7436355948448,13.4374651359394,74.1619840497151,6.25319276470691,1
2.41584357572719,23.8235670747235,33.6513029644266,6.20183863444254,1
0.54984288290143,8.19152132607996,11.1268449574709,6.48617852479219,0
24.8261195083614,39.3166035413742,40.2289624325931,2.34910608269274,1
14.5984711416531,39.0801030723378,54.2698740260676,4.03752933023497,0
19.5455766282976,3.59708086121827,74.0261287195608,1.70949821127579,1
22.2974030650221,16.5308282524347,17.2570080962032,5.19163028802723,1
18.8716363394633,0.729023804888129,58.6485426872969,5.8436138019897,0
24.4800932530779,6.22675372753292,49.984654225409,0.800781804136932,0
1.10367669840343,-6.25208219978958,93.63585668616,7.28902525268495,1
22.5850221177097,-19.6356651140377,91.0303110256791,6.14066529320553,0
21.6375203512143,-18.567386707291,15.2906609233469,6.70895760180429,0
19.3851897842251,-16.4744943007827,30.7297505205497,2.96133559430018,0
9.4204104214441,25.8745387056842,69.829416833818,3.60568501753733,0
1.05270121712238,8.1426403298974,76.3215241255239,6.31066288566217,0
9.11027704132721,31.0499128140509,50.9869654662907,9.60105936741456,1
6.84378174482845,14.9031634349376,22.6727172033861,3.6467837006785,1
21.2616870179772,-8.7867042561993,16.5861424058676,1.97989918990061,0
9.06004281132482,16.5436587110162,31.6137150628492,2.54108763532713,0
7.61194476508535,33.600503988564,4.49410863220692,4.85302679473534,0
18.9783834852278,27.6592699531466,66.9568413402885,4.13281648885459,0
21.1208656080998,10.245570037514,74.6277173282579,3.28245330136269,1
11.4480390271638,5.381696424447,24.8533362522721,3.56844970490783,1
18.2407916116063,19.2628772649914,46.6953222174197,6.83859254233539,1
2.60196590097621,33.2643108675256,4.42873267456889,8.63149265060201,1
5.49957944313064,33.5209882678464,9.82659002766013,4.6896873624064,1
23.8487811933737,-9.29656772874296,89.7094524232671,5.82857097731903,1
18.8009385310579,-4.54985451418906,61.5148483077064,4.98559968080372,1
20.4738845815882,-13.1936897151172,64.0710000181571,6.67307857424021,1
10.4444275435526,27.8295375173911,46.1002120980993,6.87873262446374,1
14.8459623276722,-13.4276906726882,27.9731452930719,1.07329925056547,1
19.9705889448524,29.7443016851321,94.4950246019289,1.12209268612787,1
22.2102162602823,26.2627778155729,2.30717244558036,9.32780175935477,1
9.62978983297944,36.6213642712682,17.7312726154923,4.21875875210389,0
2.25805210648105,8.01745561417192,97.1428127260879,5.63311485340819,1
15.6435909273569,36.3913388503715,79.9737756373361,9.5624218787998,0
18.6409054324031,27.1109765442088,99.9651014106348,1.95921072736382,1
2.13446143316105,32.4764725007117,26.0743452701718,2.23746445262805,1
7.51294028013945,3.667759206146,58.2182658370584,6.21356976451352,0
15.3640539327171,-14.0180503530428,7.2294166078791,8.34566637640819,0
18.8233014487196,-3.38231477420777,80.2283700322732,8.07968374807388,1
22.9264283261728,23.3333230670542,88.0565365077928,1.51073452783749,1
11.8937626422849,1.37831076513976,88.9629539102316,0.832286651711911,1
14.1779866535217,2.96271300408989,1.13270068541169,7.78930622152984,0
18.4155086521059,-18.081880947575,24.1400566184893,9.5449625281617,1
21.4361856109463,11.2867172155529,60.7268897583708,6.18401430780068,0
22.7286626119167,-12.7353253820911,36.2720564939082,4.37216302845627,0
1.40955563401803,33.1110505899414,70.9208659362048,6.64421479217708,0
12.5727076025214,-15.521222059615,4.20729606412351,8.68892412167042,0
8.76361932605505,27.0536768063903,65.7171030761674,5.02621453488246,1
21.1389030737337,31.2479381542653,23.0689442018047,5.28803027002141,0
20.1608790957835,-17.769309761934,27.2977372631431,7.70743538159877,0
2.93328068219125,-3.49138943012804,73.316377773881,3.69784993585199,0
17.8171638748609,18.5241969441995,17.8256200859323,9.40502697834745,0
5.88172145071439,27.1047015720978,38.5634268634021,0.332587726879865,0
1.87391877989285,4.0037627145648,68.435456068255,3.38277495931834,0
23.3911536808591,36.1181397829205,41.5191047592089,1.35628548450768,1
3.92919562873431,3.43101824633777,54.2161838850006,3.37124768877402,0
16.1764337506611,5.43755842838436,45.5189880216494,4.83512301929295,0
4.33794365380891,-2.81469793524593,12.7064438303933,7.57156757172197,1
0.501850229920819,16.7049045115709,3.11842460650951,7.9612299380824,0
13.0328461586032,13.5287643177435,16.5653203846887,4.16458620689809,1
2.15694733196869,-17.6019718963653,79.8880711663514,0.299398233182728,0
7.07505865138955,24.7169168107212,14.2388037405908,9.38352005323395,0
10.5108725256287,-7.61075475718826,7.44408417958766,9.15502637159079,1
14.6819531044457,19.3897579051554,2.8574007563293,6.12113551236689,0
20.1673607400153,11.3448802754283,41.7391903232783,9.19092080555856,1
5.04988022148609,18.0061950907111,85.40280375164,6.26259023090824,0
11.4856167929247,17.0537880295888,33.0488940468058,1.26453656470403,0
11.2035778467543,-2.9062671540305,44.4436515681446,1.4264163793996,1
18.3436939551029,-6.57156665343791,41.3483235985041,6.81643860414624,1
17.8688702639192,12.3411613190547,35.1750784087926,9.23024817137048,0
20.7805494719651,39.7823186358437,92.7850279491395,1.5065242908895,0
22.1641530224588,-0.265007787384093,93.0054556345567,8.84846845176071,0
23.8161143497564,-0.599834700115025,28.0263159889728,4.50182621134445,0
13.7654180463869,-17.8805889282376,72.9309949558228,0.466699926182628,0
13.0583941529039,11.5367111517116,21.6784899588674,8.23468044633046,1
4.26745638251305,15.8084149006754,94.0247777383775,9.66285669011995,0
11.981788999401,24.5251995511353,6.42989731859416,8.07395789306611,0
6.34551991242915,37.1702277753502,98.8668913953006,2.96252726344392,1
0.994515925412998,9.37727427110076,21.0208480246365,1.97892070980743,0
15.8700127445627,-15.0027592713013,31.8532433127984,2.01672925846651,1
13.4890228509903,-4.4043200602755,12.1769886463881,3.49512686487287,0
3.50258874823339,32.4907975364476,58.4214246133342,2.24084863439202,1
7.0927944208961,31.1235481826589,65.8343411516398,1.64491710020229,1
14.5757648802828,30.5742798745632,99.6165027609095,0.927299510221928,0
4.12564730504528,36.8142204778269,19.4067566888407,6.32899892982095,1
2.40752776735462,19.1608980856836,81.6496719140559,7.84788343356922,0
10.7153272838332,9.28933391347528,61.9452059967443,0.594892981462181,1
8.89403914334252,-8.73459795955569,98.560710856691,0.84299654699862,0
21.1233384965453,22.7819836465642,44.1791965160519,0.0427772384136915,1
6.50331184151582,-14.8958017583936,72.4185222759843,1.42220714827999,1
0.57861230452545,7.67196433618665,7.58486231788993,9.29193703690544,1
21.5599884919357,36.1544383969158,63.034275197424,1.61884823115543,0
8.36469903006218,30.717620071955,21.4586451416835,9.88501149928197,0
15.7947217929177,22.9712030151859,91.9127551838756,7.04223259584978,0
13.6606564687099,-12.5716191018,81.1952003277838,3.24542554793879,1
9.41111232968979,15.6896476773545,85.6115926988423,3.28085233457386,0
4.64682537713088,39.3911680858582,81.6757245920599,7.76702075731009,1
10.723514779238,16.924509271048,41.7101690312847,4.98603128129616,1
15.7693399640266,-3.6153399804607,97.7549103787169,4.97006849851459,1
13.0210587813053,-16.1775894090533,49.9363659881055,2.66374840168282,0
16.4905334298965,-15.6618034653366,49.8571664560586,9.2980143497698,0
18.2340232830029,32.4106728425249,34.3472252134234,6.77545783109963,1
12.170571833849,1.76949980203062,6.73493940848857,7.10259832208976,0
9.61141539155506,36.7373289493844,90.7365338876843,2.81794074689969,1
0.170837721088901,13.4991363994777,22.1119735622779,5.80691942945123,0
0.0921056896913797,10.7596690533683,29.7663893084973,9.54256804427132,0
24.8734110035002,36.866299812682,65.8542462624609,0.359985483810306,0
2.69717200426385,-13.4119042661041,56.6619909601286,5.10235942201689,0
10.4667289589997,29.1344530321658,97.1292390022427,8.60585955437273,0
17.9471136652865,2.64052640646696,10.4932233225554,2.77492366963997,0
18.5634783061687,13.3984628692269,54.3798925820738,3.62849079770967,0
21.7999705928378,-1.16772879846394,91.5372134884819,9.16517503093928,1
15.1966990262736,-15.0594271812588,87.2937403619289,0.802353743929416,1
18.9050837827381,26.7962525365874,90.4538909206167,5.12724637286738,1
21.1810324515682,-8.40591629501432,77.8780563501641,4.20037846080959,1
15.3194912243634,19.3351280549541,16.7171070119366,1.58049466554075,1
19.8306041944306,6.10882319975644,12.1384909143671,4.49557990999892,0
0.571367086376995,-8.1711004069075,11.829413054511,1.69620736502111,1
10.4228637414053,39.6796253323555,43.2067591231316,8.55247208615765,0
21.8720596865751,6.8045719852671,77.7386966859922,6.88133171061054,0
16.1836753890384,-18.1144001474604,90.4098095139489,1.21525236405432,1
23.1119746691547,36.2209934880957,42.6466280128807,1.19116011308506,0
4.30562740075402,32.2590372571722,80.9511106228456,2.88543877657503,1
7.8953197284136,16.0747770033777,46.8375103781,9.40235597081482,1
20.1064069813583,-2.05907261930406,67.8603097330779,9.31640369584784,0
24.7240852797404,28.5607765102759,75.8725884137675,1.82928508846089,1
8.05963879683986,37.1285431040451,68.3359615271911,9.12873741006479,0
0.0297907099593431,31.1232382757589,84.757961332798,0.664578315336257,0
24.8042654828168,-12.3614158481359,31.1569909565151,8.77628769725561,0
3.70880979462527,38.132940987125,18.2766802608967,0.588105244096369,0
1.23410742962733,13.4260605229065,9.35201700776815,9.51695873402059,0
14.9338370654732,-19.6781331580132,1.47945936769247,1.60069407895207,1
8.03321108687669,-11.8541648192331,90.2413302799687,5.80835356609896,1
13.198225008091,-19.649173906073,79.6052918070927,7.11416690144688,0
19.885550509207,29.0124437306076,7.77718985918909,2.80322518199682,0
1.72331492067315,26.9298152718693,10.1743090432137,0.266316782217473,0
17.3755174328107,35.8639771491289,17.3892091494054,7.1062245243229,1
23.7157876836136,2.12139294017106,52.8678020462394,3.12746818875894,0
6.94423293462023,38.4672924503684,73.531401460059,8.55137056205422,0
6.23516463092528,29.4246209133416,11.8218665011227,4.71819306723773,1
3.98588700336404,27.2469317959622,10.3439392056316,9.92102828575298,1
1.79075140040368,17.3695500800386,55.226346408017,0.778639460913837,1
13.935939577641,38.0412957305089,29.0518567897379,0.247081376146525,1
12.245926290052,9.99510943889618,44.0440524602309,5.75168506242335,0
12.3573090473656,33.6217359779403,11.8444304447621,6.07663982082158,0
22.2092896292452,4.06259481795132,92.1618608292192,0.0436520925723016,1
0.917608995223418,6.85249657835811,73.2589497929439,7.43699993938208,1
5.09359533898532,36.1467449273914,46.153046307154,0.467767203226686,0
12.8445284790359,20.9999318420887,67.2314426861703,4.78229105239734,1
5.90849722502753,-18.9102121908218,28.8494411157444,9.38555045751855,1
14.3858917464968,-10.068396939896,66.3445411249995,0.596376904286444,0
12.0564477867447,9.75006993394345,37.5068643130362,9.53640901716426,1
14.2338172183372,5.59211368206888,67.092354176566,7.70805104402825,1
3.60380787751637,39.5231872377917,41.272456292063,8.51549400249496,0
3.64271906437352,33.3370074350387,71.1320234229788,2.17964601237327,1
10.3070778248366,0.745322275906801,28.1075957231224,9.94472747668624,0
17.075257061515,22.3506475007161,73.8704477902502,6.93523060297593,1
16.3356955104973,34.5234812237322,57.4921453837305,2.87133126053959,1
22.8996583260596,20.5775732314214,2.44959855917841,8.17942433292046,0
20.3278283122927,18.3460162766278,36.269472562708,9.5942445914261,0
16.8972500308882,-11.0237283771858,44.0849272301421,9.00421502767131,0
20.1874777325429,16.0675234021619,40.3401952702552,1.26839369302616,0
3.20161049021408,-3.63492584787309,54.4772167922929,0.596327660605311,0
6.26946334959939,7.47120226267725,86.3196505932137,8.18412929074839,1
8.28867478994653,-6.66481440421194,76.5674656257033,8.60316375503317,1
10.1817322487477,-4.70470898784697,6.54219081625342,0.451996305491775,1
15.884189424105,19.2212636303157,11.7517975857481,2.24530511768535,1
20.2153011225164,8.31958966795355,30.9788207290694,7.04817934893072,0
6.47003003396094,-10.3422178607434,30.8678307104856,0.98695662105456,1
20.4866784974001,-3.67517992388457,73.2336794724688,0.158910749014467,1
0.386941723991185,22.7773655811325,14.1491358866915,9.05630844179541,0
16.3600191648584,16.8012191308662,97.7573237614706,0.490334695205092,1
20.2929896069691,-12.0726820267737,85.4799015913159,8.74156204983592,0
11.5342231700197,-15.7995648076758,58.3923732163385,1.20570289902389,0
5.08542754105292,37.9759007785469,89.956425386481,4.04164124047384,0
0.469205429544672,2.09621667861938,0.934454309754074,2.29922983096913,0
7.07831743056886,20.6472450774163,78.4557086182758,7.76235409313813,1
22.8818156407215,30.7571038231254,90.7801477704197,5.76325166039169,1
23.3424130128697,-5.50097688101232,11.0777559923008,1.94804755505174,0
13.5632903431542,-17.8909405367449,46.582100330852,4.24757360480726,0
5.48556364956312,15.7144142035395,67.4348260741681,4.39975396031514,1
12.2356951003894,30.1714676804841,46.5452460804954,9.08846454694867,1
20.0287184037734,1.73495261464268,87.5020541716367,4.6266450220719,0
10.1907664444298,-0.0686879968270659,40.1085536228493,9.31597844231874,1
2.5927891721949,18.6841798434034,56.668514572084,3.8945489260368,1
7.01412936905399,37.5169082079083,65.3705746168271,8.0526344710961,1
9.03665551450104,15.7722177077085,28.5659729503095,7.68555719871074,0
6.48112102644518,10.6168010784313,89.1944850794971,3.40907289879397,1
11.767045839224,-10.6841518450528,13.8713344465941,9.3789343861863,1
9.14613683125935,30.7510603312403,55.71941412054,5.03831279929727,0
3.03180135670118,-7.13717446196824,25.2928426256403,3.24277308071032,0
1.17484201327898,20.1923946896568,7.36061707139015,4.42645444534719,1
6.56990760471672,17.0653870748356,76.2648625299335,4.86973477527499,1
24.2160291993059,-17.0000133803114,60.6368775945157,8.41602640692145,1
12.2123870591167,36.9639265350997,33.2993865245953,9.4915941148065,0
11.9455507432576,14.9531218968332,90.9663618775085,4.70369812333956,1
18.7198220286518,31.6572602232918,59.0027196798474,3.71061983751133,0
16.6910057829227,11.1080349609256,94.6425729431212,2.25908515276387,1
1.23538991902024,-4.0323509927839,90.2330538723618,0.046066262293607,0
17.3776311101392,15.8426598086953,38.6968038743362,7.09437357727438,0
9.0815391682554,27.7345650503412,71.8480994924903,6.96368342731148,1
22.1033401845489,21.3571622548625,82.7347054844722,0.146949514746666,1
19.3824307410978,8.83789867628366,91.3822044618428,1.87682691961527,1
3.48009103327058,7.9557633260265,13.0618798779324,5.36854033591226,0
7.37523178104311,17.104740110226,4.44170767441392,1.59009179566056,1
3.15206963568926,6.95623085834086,98.8233867799863,2.46009987778962,1
14.7475405945443,16.1624519620091,38.9479353791103,9.22314992407337,1
14.0418902214151,-19.7234615543857,71.1053413106129,3.63104607677087,1
17.2180280031171,39.6996707515791,52.5940076913685,9.92817378835753,1
7.78177022584714,4.38774690497667,38.6901275254786,7.25724642863497,1
15.1396710367408,-12.9229017719626,71.8566830735654,1.49220468243584,1
24.7758579731453,32.1723457193002,88.018071744591,5.91902024811134,1
18.5801228799392,12.4115773942322,12.1160196373239,8.48735488951206,0
1.89642825862393,32.8958600759506,36.7052236804739,7.3399445717223,1
11.2792226602323,-17.7476096572354,78.9931863546371,4.6249585878104,1
1.33842336363159,32.8860377287492,21.5600231895223,5.11086887912825,1
8.48888785112649,23.3409801870584,62.0726760942489,5.56383954826742,0
18.348803720437,26.1886177957058,37.77223569341,2.00795648619533,1
0.102673511719331,31.8156225373968,60.4035299969837,8.89190941583365,0
19.2977370577864,10.0445261923596,56.4518268220127,1.54383993940428,1
11.5743802802172,35.551841459237,69.4443300133571,5.84599561057985,1
18.0210087506566,-7.51551978290081,81.4143686555326,4.80936974985525,1
16.6626429301687,-18.373664370738,45.3684234526008,1.97283214656636,0
14.3018430157099,-1.052415673621,36.9964695069939,9.78424471337348,1
17.5953237514477,19.6067349798977,82.265903824009,3.19031463703141,0
16.4305265119765,-1.11852195579559,51.2624271446839,0.447886961046606,0
7.23380362614989,36.6676832688972,74.1581825306639,7.53686090698466,1
2.43098639184609,26.7382347909734,84.9338478175923,5.66858948906884,1
24.0605330269318,0.365874776616693,44.0299715381116,0.0974699202924967,0
18.4083507279865,8.898775880225,40.5908306594938,3.00754070747644,1
15.318086714251,4.95968792587519,85.0917610805482,8.63295207964256,0
2.99822202068754,26.5800339682028,72.7024612016976,2.32148367678747,0
13.7564761622343,9.12562035489827,61.5070251515135,0.58539804071188,0
6.56890694517642,-19.0820537507534,70.0001063290983,7.11049911566079,1
22.4590207799338,18.5470777098089,74.8172963969409,5.087485301774,1
0.229498645057902,-5.91020090971142,26.184764271602,4.04947039438412,0
5.90587339829654,24.8215529834852,27.6196651626378,4.24513918114826,0
3.2511148834601,-2.26355752907693,19.9463771656156,9.13965784478933,1
8.1558286678046,34.3730914965272,94.2995996912941,9.02006491553038,0
18.1599722069222,31.1994410771877,27.114568115212,2.18065282329917,0
24.7936308849603,7.71782661788166,49.8408649116755,5.74894546996802,0
17.8783381939866,-15.7191051030532,3.6687881918624,0.406531363260001,0
12.6109952747356,14.6682234667242,80.1737232832238,5.40597511455417,1
10.9011917957105,14.7747600404546,40.5224565882236,1.12828462384641,0
23.7206312653143,39.6146066160873,46.0125905228779,7.57453867699951,1
3.00453719100915,0.116464863531291,93.1152150500566,1.11144179478288,1
1.87862941529602,20.0081064505503,38.9880725648254,2.04114401014522,1
22.2255373199005,36.3133601192385,74.5816369075328,7.67703813267872,1
10.6113023764919,14.4914100971073,78.3608496654779,4.22344665275887,1
1.0590169695206,21.5026848344132,20.745625323616,5.4695398081094,0
16.1860535910819,-14.6144847758114,5.65267296042293,8.80518837366253,1
11.7154790612403,31.9875546777621,33.1513833720237,7.27629451546818,0
15.4481530829798,10.0683638080955,68.3805185602978,7.5284618884325,0
6.77038581343368,-6.60462295170873,76.7774268286303,6.00738950073719,1
3.93238216638565,4.74515449721366,65.3049391461536,1.01066739298403,0
2.85635675536469,33.1783767743036,93.3803994208574,8.26222706120461,1
12.6920715789311,9.73560623358935,0.351595156826079,7.38248956389725,1
13.7008071877062,20.3652236657217,37.8389092627913,8.82975653978065,0
3.51615473628044,-3.04973372258246,64.3704051151872,0.841650082729757,0
4.24422625219449,29.0234981756657,9.90726111922413,8.29472503392026,1
19.0496330789756,-5.23403272498399,1.50634618476033,2.74816288612783,1
13.1848735152744,2.17877163551748,14.8565070470795,3.34215859882534,1
21.5247339394409,-5.86853629909456,74.5310313301161,8.87037044391036,0
16.8388746969867,36.1454155575484,85.2746750926599,1.91326073836535,0
0.32602574210614,4.90460969973356,32.4945457279682,0.121913377661258,0
17.3299725342076,-11.7530356766656,26.6669508768246,7.05344221321866,1
22.292843303876,34.8618833813816,24.3547442136332,0.376187188085169,1
15.7962543831673,0.858482564799488,95.6250291550532,8.22525524534285,1
2.68236637348309,31.1758525436744,49.7268739389256,9.03434539213777,0
23.0266300961375,-11.4418892748654,69.4451575400308,1.66457612067461,1
16.8840595288202,1.56597225926816,91.5131913963705,2.07595467101783,1
3.71484281495214,-5.26969594880939,60.8921787003055,7.95880174264312,0
18.63354605739,-17.2456432087347,26.2608857825398,8.93196298275143,0
23.5649715468753,27.0728741306812,91.8930737767369,2.43682951433584,0
10.5195843905676,-8.04969592951238,71.1613078601658,4.33193228440359,0
7.44307695422322,3.51101465523243,4.38285937998444,3.98153306450695,1
6.48566675372422,-0.586265320889652,63.3507626829669,6.65592774981633,0
5.57203292264603,16.1263543041423,85.2732387837023,3.05196897126734,1
14.1413585864939,12.4763007741421,11.9095859350637,7.91970914928243,0
18.91625332064,39.4494239613414,95.2037903247401,3.41226793127134,0
16.74008864793,-4.77253705263138,4.08398597501218,2.57454871665686,1
13.6630698572844,24.116193591617,17.0599981676787,0.039615232963115,1
20.2865914441645,38.6564896628261,2.31534095946699,3.80338864866644,1
18.9791700511705,13.4827745053917,38.9909906545654,5.99426568718627,1
0.501711654942483,3.56248957104981,70.9277140907943,3.39035388082266,1
9.52259250334464,29.4813555572182,65.5755545711145,1.75784240942448,0
1.27200284041464,-13.2569323480129,48.6142716836184,9.97569354483858,1
19.9475734320004,12.1466742455959,8.0723162740469,2.65399608761072,1
23.0924803297967,6.62989509291947,96.7884400626644,5.5019224784337,1
13.5649592615664,-3.56256723869592,56.0272865230218,1.35244666365907,0
21.3091150042601,-10.5585478525609,71.6906161280349,6.81822216138244,1
14.5890715823043,32.3102844227105,28.3424756024033,4.50351065490395,1
16.7080910876393,13.7226913822815,80.2252903580666,3.66644565947354,0
12.7828649128787,13.0413854960352,62.9219358321279,3.86131340404972,1
19.0687647322193,15.5419171368703,90.8960911910981,4.04471194371581,0
22.5840571976732,23.6687717633322,39.612518902868,8.27564720995724,0
20.5118628044147,18.3355170767754,30.8284414000809,9.16014791233465,1
1.78579624043778,16.8670098902658,73.169416305609,7.61202927213162,0
0.0974085764028132,-16.8549889652058,69.500856846571,3.67348681902513,0
1.30496539641172,13.9094651769847,43.5300165554509,6.91388094099239,1
21.6640044935048,15.2404828183353,80.7519890367985,5.08032679790631,1
14.4061292230617,17.7140245074406,30.5613044882193,0.194259374402463,1
7.84606430097483,17.3134387005121,91.4555313298479,6.46899139974266,0
23.9866445946973,-15.0637974776328,62.9829389508814,6.23007664456964,0
14.7798439254984,-15.3414432704449,77.716425806284,3.32971109310165,0
13.2852333947085,21.2256813887507,71.714389231056,0.262868364807218,0
9.59841678850353,29.8182155424729,66.3176189409569,9.74947359180078,0
7.98883073730394,-11.2454074900597,70.3092000680044,9.91274856962264,1
20.2096563822124,27.0118043385446,19.263584795408,0.765798087231815,1
1.04798746178858,9.18700474780053,59.8078214563429,5.3794487263076,0
9.09356736810878,39.3559063272551,76.7170521896333,9.77852743119001,1
21.4149241743144,9.9462972721085,23.6375931883231,1.09674719395116,1
17.4486644624267,13.7356321047992,69.1556062549353,3.6257217801176,0
17.1121618244797,2.6954212365672,9.2239077668637,4.9981935787946,1
8.70037631830201,11.1182318395004,73.7041240325198,9.12628401536494,1
13.8670457352418,-15.5429724697024,94.4681071443483,5.72060834616423,0
3.4310904389713,12.3083406500518,66.4087651763111,0.227945747319609,0
19.623288908042,37.6636600494385,66.7415574658662,8.55229625944048,1
22.1715642896015,11.6686083748937,42.0021674362943,8.30484241712838,0
5.1023970823735,6.22956711333245,13.7966922484338,8.78151063108817,0
19.2655740363989,-18.0639802059159,46.9365113647655,8.09602189343423,1
14.9090740189422,-17.7359491586685,9.37542426399887,0.000653367023915052,0
23.9417435601354,-17.1591023635119,75.4073351155967,1.0182573297061,1
3.96720994031057,-10.3424578625709,36.6327905561775,8.34825876867399,1
13.1493568536825,8.14584359992296,56.8136381683871,2.21147396136075,0
21.8287841882557,28.3554384903982,38.3021314162761,0.304163766559213,0
21.7426517570857,-3.16414903383702,20.3238700050861,5.76726021710783,0
0.592216080985963,25.2870391122997,53.5265385871753,7.56879760418087,0
24.3972423369996,11.3095488911495,38.584724906832,8.73654059367254,1
12.2556049551349,-2.66316840890795,86.2285359296948,0.603659139014781,1
9.72925807582214,-18.9573679119349,9.35635447967798,2.21838358789682,1
10.438873997191,20.1009717909619,6.34485378395766,4.14025172125548,0
2.32314551249146,-15.9814421180636,16.6764037217945,4.11329629831016,1
4.04523025499657,30.1831856090575,93.5655231354758,5.79390329774469,1
10.135412379168,-11.8794106505811,44.2508975276724,9.41948951454833,1
8.54536110418849,19.3526865076274,67.4396282760426,9.87598597304896,1
10.3814363304991,30.2768637286499,3.60779990442097,1.2979784887284,0
7.60131172719412,-4.54112023580819,46.8421088065952,2.74874981492758,1
14.0070134366397,-11.8402828928083,4.56535702105612,8.28382821753621,0
3.89685376430862,25.8093048539013,62.0033693732694,9.91258719004691,0
23.9144941035192,-7.28022600058466,86.4891988225281,6.73200558172539,1
1.09916563378647,-3.92182404641062,19.5869160583243,0.773890644777566,0
9.30394356837496,11.9098716787994,28.2098453259096,1.34403405478224,1
24.0653835353442,8.44701204448938,86.5187088726088,3.38096778606996,1
16.1356878932565,2.4066198989749,3.20350471884012,2.52108980203047,1
1.53156535816379,26.5209957119077,78.235537535511,2.50823636073619,0
10.2486482122913,13.4922382049263,45.506949396804,7.83267917577177,0
10.6476283515804,-10.6858027307317,8.01218885462731,1.7378633026965,1
12.7039521175902,39.3651069048792,90.6760870013386,5.98303915699944,1
11.2399977690075,-5.33321417868137,18.9006654545665,6.91583044361323,0
15.5815345875453,-12.1772892680019,74.6095868293196,9.22935599228367,1
3.49944827612489,-7.23913187626749,43.1564079830423,6.89974983921275,1
22.6986600202508,2.80025490093976,67.0532197225839,2.73658976890147,0
14.2360818688758,1.57727012876421,18.7451212666929,0.109451594762504,1
13.7070143478923,-1.840277062729,88.1743172882125,0.432195975445211,1
2.92069056304172,-17.3360171820968,4.88674484658986,1.67897800449282,0
19.0507083083503,36.0870011663064,22.0204886747524,8.52640826487914,0
11.9592361676041,14.1230217926204,26.1800466105342,0.459133461117744,0
19.5492228667717,-6.75183529499918,76.7209904035553,2.71387636428699,1
1.15066371508874,32.677670517005,38.5962504195049,8.88942950638011,1
20.4961166949943,8.03732838016003,27.8573109069839,5.47893294598907,0
6.73521118587814,12.5409888802096,7.76155120693147,8.04817588534206,1
7.07126036286354,27.0638904348016,50.0304862856865,9.57196618663147,0
16.0805389867164,18.8722163438797,45.1451449422166,6.89744080416858,1
23.7029709445778,-11.3064111769199,98.6601613229141,4.01133574545383,1
0.17496136133559,-0.701757371425629,14.213434047997,9.71040844218805,1
8.79044180037454,37.0633349567652,83.3835751516744,9.39375858055428,1
10.4761431226507,-8.70809054002166,2.95294900424778,5.18282245844603,0
11.446919926675,25.0242549087852,77.8758703731,1.36290176538751,0
17.7923144830856,7.54950851667672,22.8673940291628,6.26735995290801,1
22.9962014418561,-11.5180970635265,13.3860118454322,8.22649984387681,0
15.6777675147168,-7.68841543700546,19.0610923804343,1.36265355395153,0
22.5545444583986,20.5176099762321,21.5864639729261,5.9746818896383,1
18.9332289795857,-11.7181873694062,93.4171392116696,9.82964067952707,0
3.4464591415599,4.93262204807252,98.8817654550076,2.30630648322403,0
3.83137195021845,7.07482190802693,31.0024928534403,4.17370387818664,1
4.78280467214063,17.3767941817641,13.713087933138,1.00270999362692,0
10.8296285150573,-4.92954215500504,66.0985806724057,2.78511403594166,1
2.18048254610039,7.84920782316476,58.491337671876,5.3054649149999,1
5.59450002619997,-10.0694462563843,34.4065332552418,3.14119458198547,0
14.3037169880699,31.468387208879,81.395653844811,6.00702072726563,1
10.0042294594459,-10.6068861624226,28.3183959545568,9.87098018405959,1
14.1366345167626,-14.7001019772142,84.5841060625389,6.09281485900283,1
20.7405969675165,33.6050663143396,13.702188548632,1.45737322745845,1
16.0528454871383,-1.96276949718595,86.1947756260633,7.04316460294649,0
9.78746879263781,25.1252002641559,6.7120618885383,6.79180304054171,0
17.7394963684492,4.09639887977391,43.5208435403183,3.22583865374327,0
2.7206018276047,6.91348636522889,68.0134959518909,4.23315641004592,1
